,Player,Team,Pos,Receptions,ReceivingYds,ReceivingTD,FL,RushingAtt,RushingYds,RushingTD,PassingAtt,PassingCmp,PassingYds,PassingTD,Int,FieldGoalsMade,FieldGoalsAttempted,ExtraPointsMade,TotalSacks,TotalInt,FumblesRecovered,FumblesForced,DefensiveTDs,SafetysForced,PointsAllowed,FantasyPoints
0,Josh Allen,BUF,QB,0.0,0.0,0.0,5.1,110.8,519.9,7.6,605.5,400.3,4577.1,33.7,13.3,0.0,0.0,0.0,0.0,0.0,0.0,0.0,0.0,0.0,0.0,378.7
1,Patrick Mahomes II,KC,QB,0.0,0.0,0.0,2.5,55.2,266.9,2.9,631.9,420.3,5047.3,38.5,8.9,0.0,0.0,0.0,0.0,0.0,0.0,0.0,0.0,0.0,0.0,377.5
2,Kyler Murray,ARI,QB,0.0,0.0,0.0,3.7,125.7,698.1,7.7,588.9,390.0,4201.1,26.7,12.9,0.0,0.0,0.0,0.0,0.0,0.0,0.0,0.0,0.0,0.0,357.4
3,Lamar Jackson,BAL,QB,0.0,0.0,0.0,4.0,152.9,920.8,6.7,462.2,296.2,3385.2,28.6,12.2,0.0,0.0,0.0,0.0,0.0,0.0,0.0,0.0,0.0,0.0,349.6
4,Dak Prescott,DAL,QB,0.0,0.0,0.0,4.2,63.5,296.7,4.0,622.1,415.6,4842.7,31.1,11.1,0.0,0.0,0.0,0.0,0.0,0.0,0.0,0.0,0.0,0.0,341.4
5,Aaron Rodgers,GB,QB,0.0,0.0,0.0,3.1,41.0,174.0,1.9,571.6,385.1,4460.6,36.8,7.2,0.0,0.0,0.0,0.0,0.0,0.0,0.0,0.0,0.0,0.0,333.9
6,Justin Herbert,LAC,QB,0.0,0.0,0.0,2.6,61.5,273.4,4.4,617.5,402.5,4620.1,31.0,12.0,0.0,0.0,0.0,0.0,0.0,0.0,0.0,0.0,0.0,0.0,333.3
7,Russell Wilson,SEA,QB,0.0,0.0,0.0,3.5,82.8,446.8,2.1,570.5,380.3,4249.5,34.4,12.3,0.0,0.0,0.0,0.0,0.0,0.0,0.0,0.0,0.0,0.0,332.9
8,Tom Brady,TB,QB,0.0,0.0,0.0,2.2,24.4,31.4,2.1,621.5,404.8,4705.7,36.8,11.9,0.0,0.0,0.0,0.0,0.0,0.0,0.0,0.0,0.0,0.0,322.7
9,Jalen Hurts,PHI,QB,0.0,0.0,0.0,4.9,137.7,709.0,5.9,542.5,331.8,3749.3,22.6,14.5,0.0,0.0,0.0,0.0,0.0,0.0,0.0,0.0,0.0,0.0,308.2
10,Ryan Tannehill,TEN,QB,0.0,0.0,0.0,2.9,51.6,228.0,3.4,531.1,351.3,4150.8,30.5,10.5,0.0,0.0,0.0,0.0,0.0,0.0,0.0,0.0,0.0,0.0,304.8
0,Christian McCaffrey,CAR,RB,96.9,787.8,4.3,2.5,297.7,1304.5,12.1,0.0,0.0,0.0,0.0,0.0,0.0,0.0,0.0,0.0,0.0,0.0,0.0,0.0,0.0,0.0,302.2
11,Joe Burrow,CIN,QB,0.0,0.0,0.0,4.2,54.3,228.2,3.0,611.6,400.4,4320.0,26.4,11.5,0.0,0.0,0.0,0.0,0.0,0.0,0.0,0.0,0.0,0.0,288.1
12,Matthew Stafford,LAR,QB,0.0,0.0,0.0,3.2,33.3,126.3,0.7,613.7,406.4,4571.6,28.6,11.5,0.0,0.0,0.0,0.0,0.0,0.0,0.0,0.0,0.0,0.0,284.8
1,Dalvin Cook,MIN,RB,54.9,473.3,2.0,2.9,316.6,1486.7,12.9,0.0,0.0,0.0,0.0,0.0,0.0,0.0,0.0,0.0,0.0,0.0,0.0,0.0,0.0,0.0,279.6
13,Trevor Lawrence,JAC,QB,0.0,0.0,0.0,5.2,66.8,342.3,2.3,592.1,378.9,4150.5,24.7,13.3,0.0,0.0,0.0,0.0,0.0,0.0,0.0,0.0,0.0,0.0,275.8
14,Kirk Cousins,MIN,QB,0.0,0.0,0.0,4.1,35.3,114.3,1.1,542.9,365.5,4287.9,30.0,13.0,0.0,0.0,0.0,0.0,0.0,0.0,0.0,0.0,0.0,0.0,275.2
15,Matt Ryan,ATL,QB,0.0,0.0,0.0,4.3,33.2,119.3,1.4,613.8,401.5,4518.9,27.0,12.8,0.0,0.0,0.0,0.0,0.0,0.0,0.0,0.0,0.0,0.0,274.8
2,Derrick Henry,TEN,RB,24.8,184.7,1.1,2.7,339.7,1664.0,14.2,0.0,0.0,0.0,0.0,0.0,0.0,0.0,0.0,0.0,0.0,0.0,0.0,0.0,0.0,0.0,271.4
16,Derek Carr,LV,QB,0.0,0.0,0.0,5.3,31.5,110.4,1.8,565.1,374.5,4313.7,26.7,10.9,0.0,0.0,0.0,0.0,0.0,0.0,0.0,0.0,0.0,0.0,268.7
17,Tua Tagovailoa,MIA,QB,0.0,0.0,0.0,1.7,54.3,205.7,2.7,574.6,374.9,3957.3,25.9,13.5,0.0,0.0,0.0,0.0,0.0,0.0,0.0,0.0,0.0,0.0,268.2
18,Baker Mayfield,CLE,QB,0.0,0.0,0.0,3.3,44.1,168.1,1.8,537.2,343.5,3949.9,27.9,11.4,0.0,0.0,0.0,0.0,0.0,0.0,0.0,0.0,0.0,0.0,267.8
19,Carson Wentz,IND,QB,0.0,0.0,0.0,5.8,62.7,274.0,3.2,551.9,346.9,3817.2,26.0,13.3,0.0,0.0,0.0,0.0,0.0,0.0,0.0,0.0,0.0,0.0,264.9
20,Ben Roethlisberger,PIT,QB,0.0,0.0,0.0,2.3,20.8,44.6,0.5,623.3,404.7,4217.3,29.8,14.4,0.0,0.0,0.0,0.0,0.0,0.0,0.0,0.0,0.0,0.0,261.8
21,Daniel Jones,NYG,QB,0.0,0.0,0.0,8.5,70.3,403.7,2.6,546.9,342.5,3754.5,22.9,13.6,0.0,0.0,0.0,0.0,0.0,0.0,0.0,0.0,0.0,0.0,253.8
22,Sam Darnold,CAR,QB,0.0,0.0,0.0,3.9,50.3,219.8,3.3,555.4,350.2,3923.0,21.8,15.0,0.0,0.0,0.0,0.0,0.0,0.0,0.0,0.0,0.0,0.0,248.3
23,Zach Wilson,NYJ,QB,0.0,0.0,0.0,5.5,64.3,306.2,2.3,554.2,347.3,3917.7,21.5,14.9,0.0,0.0,0.0,0.0,0.0,0.0,0.0,0.0,0.0,0.0,246.2
24,Ryan Fitzpatrick,WAS,QB,0.0,0.0,0.0,2.3,47.3,230.7,3.0,541.7,358.4,3841.5,22.0,16.4,0.0,0.0,0.0,0.0,0.0,0.0,0.0,0.0,0.0,0.0,245.5
3,Alvin Kamara,NO,RB,79.4,680.7,3.4,1.9,206.9,945.7,9.7,0.0,0.0,0.0,0.0,0.0,0.0,0.0,0.0,0.0,0.0,0.0,0.0,0.0,0.0,0.0,237.4
25,Jared Goff,DET,QB,0.0,0.0,0.0,4.1,39.4,87.6,1.7,578.7,371.0,4151.7,22.5,14.9,0.0,0.0,0.0,0.0,0.0,0.0,0.0,0.0,0.0,0.0,236.7
4,Jonathan Taylor,IND,RB,42.3,325.6,1.9,1.9,275.4,1280.9,11.0,0.0,0.0,0.0,0.0,0.0,0.0,0.0,0.0,0.0,0.0,0.0,0.0,0.0,0.0,0.0,234.1
5,Saquon Barkley,NYG,RB,57.2,443.4,2.0,1.8,269.2,1245.0,9.2,0.0,0.0,0.0,0.0,0.0,0.0,0.0,0.0,0.0,0.0,0.0,0.0,0.0,0.0,0.0,232.7
0,Tyreek Hill,KC,WR,100.7,1440.5,12.2,0.7,12.9,81.8,0.8,0.0,0.0,0.0,0.0,0.0,0.0,0.0,0.0,0.0,0.0,0.0,0.0,0.0,0.0,0.0,229.3
6,Nick Chubb,CLE,RB,28.5,226.4,1.0,1.9,273.7,1371.8,11.1,0.0,0.0,0.0,0.0,0.0,0.0,0.0,0.0,0.0,0.0,0.0,0.0,0.0,0.0,0.0,228.2
7,Ezekiel Elliott,DAL,RB,52.6,391.4,2.4,2.9,283.8,1217.0,9.5,0.0,0.0,0.0,0.0,0.0,0.0,0.0,0.0,0.0,0.0,0.0,0.0,0.0,0.0,0.0,226.8
8,Aaron Jones,GB,RB,50.1,392.2,2.7,2.1,231.2,1120.2,10.3,0.0,0.0,0.0,0.0,0.0,0.0,0.0,0.0,0.0,0.0,0.0,0.0,0.0,0.0,0.0,224.8
1,Davante Adams,GB,WR,123.7,1493.8,12.7,0.8,0.0,0.0,0.0,0.0,0.0,0.0,0.0,0.0,0.0,0.0,0.0,0.0,0.0,0.0,0.0,0.0,0.0,0.0,223.9
26,Deshaun Watson,HOU,QB,0.0,0.0,0.0,3.0,59.9,281.9,2.9,380.7,258.9,3088.7,18.0,8.0,0.0,0.0,0.0,0.0,0.0,0.0,0.0,0.0,0.0,0.0,218.9
9,Joe Mixon,CIN,RB,50.2,368.4,2.9,2.0,275.7,1161.9,8.1,0.0,0.0,0.0,0.0,0.0,0.0,0.0,0.0,0.0,0.0,0.0,0.0,0.0,0.0,0.0,215.1
10,Najee Harris,PIT,RB,49.7,367.8,2.2,2.6,257.4,1143.7,8.5,0.0,0.0,0.0,0.0,0.0,0.0,0.0,0.0,0.0,0.0,0.0,0.0,0.0,0.0,0.0,210.5
11,Austin Ekeler,LAC,RB,80.4,698.9,4.9,1.6,180.7,822.1,4.7,0.0,0.0,0.0,0.0,0.0,0.0,0.0,0.0,0.0,0.0,0.0,0.0,0.0,0.0,0.0,206.8
12,Antonio Gibson,WAS,RB,45.4,332.0,1.4,2.1,243.1,1091.3,9.7,0.0,0.0,0.0,0.0,0.0,0.0,0.0,0.0,0.0,0.0,0.0,0.0,0.0,0.0,0.0,205.0
2,Stefon Diggs,BUF,WR,113.6,1479.7,9.2,1.2,2.4,15.5,0.1,0.0,0.0,0.0,0.0,0.0,0.0,0.0,0.0,0.0,0.0,0.0,0.0,0.0,0.0,0.0,202.7
0,Travis Kelce,KC,TE,112.6,1405.7,10.1,0.8,0.0,0.0,0.0,0.0,0.0,0.0,0.0,0.0,0.0,0.0,0.0,0.0,0.0,0.0,0.0,0.0,0.0,0.0,199.9
3,Calvin Ridley,ATL,WR,99.8,1425.8,9.1,0.8,4.8,26.3,0.1,0.0,0.0,0.0,0.0,0.0,0.0,0.0,0.0,0.0,0.0,0.0,0.0,0.0,0.0,0.0,198.6
13,Chris Carson,SEA,RB,43.4,321.1,2.4,2.1,231.1,1058.6,7.4,0.0,0.0,0.0,0.0,0.0,0.0,0.0,0.0,0.0,0.0,0.0,0.0,0.0,0.0,0.0,192.6
14,J.K. Dobbins,BAL,RB,31.6,240.8,1.2,1.6,212.0,1077.1,9.4,0.0,0.0,0.0,0.0,0.0,0.0,0.0,0.0,0.0,0.0,0.0,0.0,0.0,0.0,0.0,192.1
15,Clyde Edwards-Helaire,KC,RB,50.5,390.5,2.2,1.8,221.3,995.9,7.2,0.0,0.0,0.0,0.0,0.0,0.0,0.0,0.0,0.0,0.0,0.0,0.0,0.0,0.0,0.0,191.6
16,D'Andre Swift,DET,RB,60.1,447.3,2.1,2.3,203.6,892.2,8.2,0.0,0.0,0.0,0.0,0.0,0.0,0.0,0.0,0.0,0.0,0.0,0.0,0.0,0.0,0.0,191.3
27,Justin Fields,CHI,QB,0.0,0.0,0.0,4.5,61.1,307.6,2.5,391.9,251.1,2655.2,16.7,9.6,0.0,0.0,0.0,0.0,0.0,0.0,0.0,0.0,0.0,0.0,190.8
4,DeAndre Hopkins,ARI,WR,122.3,1470.1,7.6,1.5,0.9,4.4,0.0,0.0,0.0,0.0,0.0,0.0,0.0,0.0,0.0,0.0,0.0,0.0,0.0,0.0,0.0,0.0,190.3
17,David Montgomery,CHI,RB,37.8,297.2,1.5,1.9,253.2,1059.4,8.1,0.0,0.0,0.0,0.0,0.0,0.0,0.0,0.0,0.0,0.0,0.0,0.0,0.0,0.0,0.0,189.5
18,Josh Jacobs,LV,RB,31.5,236.3,0.9,2.0,249.8,1067.9,9.4,0.0,0.0,0.0,0.0,0.0,0.0,0.0,0.0,0.0,0.0,0.0,0.0,0.0,0.0,0.0,188.2
28,Cam Newton,NE,QB,0.0,0.0,0.0,1.8,81.7,354.3,5.7,304.5,200.8,2217.6,12.9,9.1,0.0,0.0,0.0,0.0,0.0,0.0,0.0,0.0,0.0,0.0,187.9
5,D.K. Metcalf,SEA,WR,86.6,1305.1,10.0,1.4,0.3,1.3,0.0,0.0,0.0,0.0,0.0,0.0,0.0,0.0,0.0,0.0,0.0,0.0,0.0,0.0,0.0,0.0,187.7
19,Miles Sanders,PHI,RB,43.8,362.3,1.7,1.8,219.5,1052.8,6.5,0.0,0.0,0.0,0.0,0.0,0.0,0.0,0.0,0.0,0.0,0.0,0.0,0.0,0.0,0.0,187.0
6,Justin Jefferson,MIN,WR,93.6,1395.8,7.9,0.8,0.4,1.5,0.0,0.0,0.0,0.0,0.0,0.0,0.0,0.0,0.0,0.0,0.0,0.0,0.0,0.0,0.0,0.0,185.6
7,A.J. Brown,TEN,WR,84.6,1269.3,9.8,0.9,0.5,7.5,0.0,0.0,0.0,0.0,0.0,0.0,0.0,0.0,0.0,0.0,0.0,0.0,0.0,0.0,0.0,0.0,184.8
20,Darrell Henderson,LAR,RB,32.4,269.3,1.6,1.8,234.9,1009.5,7.7,0.0,0.0,0.0,0.0,0.0,0.0,0.0,0.0,0.0,0.0,0.0,0.0,0.0,0.0,0.0,180.3
29,Jameis Winston,NO,QB,0.0,0.0,0.0,3.9,38.5,163.5,1.0,383.2,248.4,2808.2,19.1,12.7,0.0,0.0,0.0,0.0,0.0,0.0,0.0,0.0,0.0,0.0,177.6
21,Myles Gaskin,MIA,RB,48.2,372.6,2.0,2.1,215.9,917.5,6.1,0.0,0.0,0.0,0.0,0.0,0.0,0.0,0.0,0.0,0.0,0.0,0.0,0.0,0.0,0.0,173.1
30,Trey Lance,SF,QB,0.0,0.0,0.0,4.0,58.0,296.7,2.7,300.6,196.0,2283.2,14.4,8.3,0.0,0.0,0.0,0.0,0.0,0.0,0.0,0.0,0.0,0.0,170.1
8,Keenan Allen,LAC,WR,111.5,1208.0,7.8,1.0,3.0,16.3,0.1,0.0,0.0,0.0,0.0,0.0,0.0,0.0,0.0,0.0,0.0,0.0,0.0,0.0,0.0,0.0,168.2
9,Mike Evans,TB,WR,76.1,1117.3,9.6,0.7,0.0,0.0,0.0,0.0,0.0,0.0,0.0,0.0,0.0,0.0,0.0,0.0,0.0,0.0,0.0,0.0,0.0,0.0,168.0
22,Mike Davis,ATL,RB,48.8,311.9,1.7,1.9,227.0,895.3,6.6,0.0,0.0,0.0,0.0,0.0,0.0,0.0,0.0,0.0,0.0,0.0,0.0,0.0,0.0,0.0,166.6
10,Amari Cooper,DAL,WR,92.5,1222.1,7.4,0.8,2.6,11.8,0.0,0.0,0.0,0.0,0.0,0.0,0.0,0.0,0.0,0.0,0.0,0.0,0.0,0.0,0.0,0.0,166.4
11,Terry McLaurin,WAS,WR,91.4,1235.8,6.8,0.7,1.8,12.1,0.1,0.0,0.0,0.0,0.0,0.0,0.0,0.0,0.0,0.0,0.0,0.0,0.0,0.0,0.0,0.0,164.4
12,Allen Robinson II,CHI,WR,98.5,1222.4,6.9,0.7,0.3,0.3,0.0,0.0,0.0,0.0,0.0,0.0,0.0,0.0,0.0,0.0,0.0,0.0,0.0,0.0,0.0,0.0,162.3
13,Adam Thielen,MIN,WR,79.7,1024.8,9.2,0.7,3.2,14.5,0.3,0.0,0.0,0.0,0.0,0.0,0.0,0.0,0.0,0.0,0.0,0.0,0.0,0.0,0.0,0.0,159.2
14,Robert Woods,LAR,WR,98.7,1087.5,6.0,0.8,16.9,106.3,0.9,0.0,0.0,0.0,0.0,0.0,0.0,0.0,0.0,0.0,0.0,0.0,0.0,0.0,0.0,0.0,159.0
1,George Kittle,SF,TE,96.4,1209.3,6.5,0.7,0.0,0.0,0.0,0.0,0.0,0.0,0.0,0.0,0.0,0.0,0.0,0.0,0.0,0.0,0.0,0.0,0.0,0.0,158.6
23,Chase Edmonds,ARI,RB,52.4,383.8,2.9,1.5,171.4,763.1,4.9,0.0,0.0,0.0,0.0,0.0,0.0,0.0,0.0,0.0,0.0,0.0,0.0,0.0,0.0,0.0,158.4
15,CeeDee Lamb,DAL,WR,83.7,1089.0,6.6,0.8,8.5,61.4,0.6,0.0,0.0,0.0,0.0,0.0,0.0,0.0,0.0,0.0,0.0,0.0,0.0,0.0,0.0,0.0,156.7
2,Darren Waller,LV,TE,100.4,1148.6,7.1,0.9,0.0,0.0,0.0,0.0,0.0,0.0,0.0,0.0,0.0,0.0,0.0,0.0,0.0,0.0,0.0,0.0,0.0,0.0,155.9
16,Tyler Lockett,SEA,WR,92.3,1053.2,8.3,0.7,1.6,5.7,0.0,0.0,0.0,0.0,0.0,0.0,0.0,0.0,0.0,0.0,0.0,0.0,0.0,0.0,0.0,0.0,154.4
17,D.J. Moore,CAR,WR,82.9,1200.5,5.4,0.8,3.1,20.1,0.1,0.0,0.0,0.0,0.0,0.0,0.0,0.0,0.0,0.0,0.0,0.0,0.0,0.0,0.0,0.0,153.2
18,Julio Jones,TEN,WR,78.3,1107.8,7.3,0.7,0.5,-0.5,0.0,0.0,0.0,0.0,0.0,0.0,0.0,0.0,0.0,0.0,0.0,0.0,0.0,0.0,0.0,0.0,153.0
20,Chris Godwin,TB,WR,82.3,1071.0,7.4,0.8,0.3,2.0,0.0,0.0,0.0,0.0,0.0,0.0,0.0,0.0,0.0,0.0,0.0,0.0,0.0,0.0,0.0,0.0,150.1
19,Cooper Kupp,LAR,WR,92.5,1060.3,7.1,0.7,3.9,23.6,0.1,0.0,0.0,0.0,0.0,0.0,0.0,0.0,0.0,0.0,0.0,0.0,0.0,0.0,0.0,0.0,150.1
24,Kareem Hunt,CLE,RB,38.7,315.8,2.5,1.3,155.7,689.4,5.6,0.0,0.0,0.0,0.0,0.0,0.0,0.0,0.0,0.0,0.0,0.0,0.0,0.0,0.0,0.0,146.4
21,Odell Beckham Jr.,CLE,WR,71.7,1008.7,6.6,0.7,5.7,51.1,0.3,0.0,0.0,0.0,0.0,0.0,0.0,0.0,0.0,0.0,0.0,0.0,0.0,0.0,0.0,0.0,146.0
22,Courtland Sutton,DEN,WR,74.1,1058.0,6.7,0.8,1.7,9.4,0.0,0.0,0.0,0.0,0.0,0.0,0.0,0.0,0.0,0.0,0.0,0.0,0.0,0.0,0.0,0.0,145.6
23,Kenny Golladay,NYG,WR,71.0,1057.9,6.7,0.7,0.0,0.0,0.0,0.0,0.0,0.0,0.0,0.0,0.0,0.0,0.0,0.0,0.0,0.0,0.0,0.0,0.0,0.0,144.7
24,Tee Higgins,CIN,WR,79.3,1062.8,6.4,0.8,2.3,12.3,0.0,0.0,0.0,0.0,0.0,0.0,0.0,0.0,0.0,0.0,0.0,0.0,0.0,0.0,0.0,0.0,144.4
25,Ja'Marr Chase,CIN,WR,73.3,1063.3,6.2,1.2,1.5,8.2,0.0,0.0,0.0,0.0,0.0,0.0,0.0,0.0,0.0,0.0,0.0,0.0,0.0,0.0,0.0,0.0,141.8
26,Brandon Aiyuk,SF,WR,72.3,921.4,6.3,0.7,14.6,82.2,0.7,0.0,0.0,0.0,0.0,0.0,0.0,0.0,0.0,0.0,0.0,0.0,0.0,0.0,0.0,0.0,141.0
25,Travis Etienne,JAC,RB,60.2,479.0,2.6,3.0,130.6,581.9,4.1,0.0,0.0,0.0,0.0,0.0,0.0,0.0,0.0,0.0,0.0,0.0,0.0,0.0,0.0,0.0,140.6
0,Harrison Butker,KC,K,0.0,0.0,0.0,0.0,0.0,0.0,0.0,0.0,0.0,0.0,0.0,0.0,29.8,33.8,50.4,0.0,0.0,0.0,0.0,0.0,0.0,0.0,139.8
26,Javonte Williams,DEN,RB,26.1,202.5,1.1,2.0,188.3,835.9,5.5,0.0,0.0,0.0,0.0,0.0,0.0,0.0,0.0,0.0,0.0,0.0,0.0,0.0,0.0,0.0,139.4
27,Raheem Mostert,SF,RB,23.7,206.9,1.3,1.4,155.8,775.3,6.0,0.0,0.0,0.0,0.0,0.0,0.0,0.0,0.0,0.0,0.0,0.0,0.0,0.0,0.0,0.0,139.4
27,D.J. Chark Jr.,JAC,WR,75.2,1005.8,6.4,0.6,0.3,3.3,0.0,0.0,0.0,0.0,0.0,0.0,0.0,0.0,0.0,0.0,0.0,0.0,0.0,0.0,0.0,0.0,138.2
28,Chase Claypool,PIT,WR,69.9,899.2,6.9,0.9,8.3,44.0,0.6,0.0,0.0,0.0,0.0,0.0,0.0,0.0,0.0,0.0,0.0,0.0,0.0,0.0,0.0,0.0,137.7
31,Teddy Bridgewater,DEN,QB,0.0,0.0,0.0,1.7,31.7,135.9,1.7,291.5,185.6,2100.3,12.7,9.1,0.0,0.0,0.0,0.0,0.0,0.0,0.0,0.0,0.0,0.0,137.2
29,Diontae Johnson,PIT,WR,94.5,984.5,6.3,1.4,4.4,27.2,0.1,0.0,0.0,0.0,0.0,0.0,0.0,0.0,0.0,0.0,0.0,0.0,0.0,0.0,0.0,0.0,136.7
28,James Robinson,JAC,RB,29.3,209.8,1.0,1.5,182.7,798.5,5.5,0.0,0.0,0.0,0.0,0.0,0.0,0.0,0.0,0.0,0.0,0.0,0.0,0.0,0.0,0.0,136.6
29,Damien Harris,NE,RB,11.5,87.7,0.3,1.4,203.0,950.6,5.6,0.0,0.0,0.0,0.0,0.0,0.0,0.0,0.0,0.0,0.0,0.0,0.0,0.0,0.0,0.0,136.2
1,Justin Tucker,BAL,K,0.0,0.0,0.0,0.0,0.0,0.0,0.0,0.0,0.0,0.0,0.0,0.0,28.7,33.0,47.5,0.0,0.0,0.0,0.0,0.0,0.0,0.0,133.7
2,Tyler Bass,BUF,K,0.0,0.0,0.0,0.0,0.0,0.0,0.0,0.0,0.0,0.0,0.0,0.0,28.2,33.3,48.3,0.0,0.0,0.0,0.0,0.0,0.0,0.0,132.9
30,Brandin Cooks,HOU,WR,73.1,1035.2,5.0,0.7,0.8,6.8,0.0,0.0,0.0,0.0,0.0,0.0,0.0,0.0,0.0,0.0,0.0,0.0,0.0,0.0,0.0,0.0,132.8
31,Deebo Samuel,SF,WR,71.6,915.0,4.7,0.8,13.5,99.5,0.7,0.0,0.0,0.0,0.0,0.0,0.0,0.0,0.0,0.0,0.0,0.0,0.0,0.0,0.0,0.0,132.7
32,Taysom Hill,NO,QB,0.0,0.0,0.0,3.4,76.2,400.1,4.6,183.4,122.5,1289.2,7.5,4.9,0.0,0.0,0.0,0.0,0.0,0.0,0.0,0.0,0.0,0.0,132.6
30,David Johnson,HOU,RB,36.4,327.4,2.0,1.5,147.7,619.0,4.7,0.0,0.0,0.0,0.0,0.0,0.0,0.0,0.0,0.0,0.0,0.0,0.0,0.0,0.0,0.0,132.2
3,Mark Andrews,BAL,TE,69.7,850.8,8.1,0.9,0.0,0.0,0.0,0.0,0.0,0.0,0.0,0.0,0.0,0.0,0.0,0.0,0.0,0.0,0.0,0.0,0.0,0.0,132.0
3,Greg Zuerlein,DAL,K,0.0,0.0,0.0,0.0,0.0,0.0,0.0,0.0,0.0,0.0,0.0,0.0,29.3,36.1,43.6,0.0,0.0,0.0,0.0,0.0,0.0,0.0,131.5
32,Robby Anderson,CAR,WR,80.3,989.7,5.2,0.8,2.5,12.3,0.1,0.0,0.0,0.0,0.0,0.0,0.0,0.0,0.0,0.0,0.0,0.0,0.0,0.0,0.0,0.0,130.1
31,Leonard Fournette,TB,RB,31.0,213.1,0.8,1.2,166.8,683.9,6.4,0.0,0.0,0.0,0.0,0.0,0.0,0.0,0.0,0.0,0.0,0.0,0.0,0.0,0.0,0.0,130.1
33,Jimmy Garoppolo,SF,QB,0.0,0.0,0.0,1.2,15.5,39.1,0.5,274.0,185.9,2168.7,13.0,7.1,0.0,0.0,0.0,0.0,0.0,0.0,0.0,0.0,0.0,0.0,129.4
33,JuJu Smith-Schuster,PIT,WR,89.9,906.0,6.8,0.9,0.0,0.0,0.0,0.0,0.0,0.0,0.0,0.0,0.0,0.0,0.0,0.0,0.0,0.0,0.0,0.0,0.0,0.0,129.4
34,Michael Gallup,DAL,WR,63.9,941.3,5.9,0.6,0.0,0.0,0.0,0.0,0.0,0.0,0.0,0.0,0.0,0.0,0.0,0.0,0.0,0.0,0.0,0.0,0.0,0.0,128.4
4,Rodrigo Blankenship,IND,K,0.0,0.0,0.0,0.0,0.0,0.0,0.0,0.0,0.0,0.0,0.0,0.0,29.0,35.0,41.1,0.0,0.0,0.0,0.0,0.0,0.0,0.0,128.0
35,Jerry Jeudy,DEN,WR,68.9,982.5,5.2,0.8,0.0,0.0,0.0,0.0,0.0,0.0,0.0,0.0,0.0,0.0,0.0,0.0,0.0,0.0,0.0,0.0,0.0,0.0,127.8
5,Jason Myers,SEA,K,0.0,0.0,0.0,0.0,0.0,0.0,0.0,0.0,0.0,0.0,0.0,0.0,27.5,31.4,44.4,0.0,0.0,0.0,0.0,0.0,0.0,0.0,126.9
6,Jason Sanders,MIA,K,0.0,0.0,0.0,0.0,0.0,0.0,0.0,0.0,0.0,0.0,0.0,0.0,29.7,34.8,37.5,0.0,0.0,0.0,0.0,0.0,0.0,0.0,126.5
7,Younghoe Koo,ATL,K,0.0,0.0,0.0,0.0,0.0,0.0,0.0,0.0,0.0,0.0,0.0,0.0,30.0,34.0,35.5,0.0,0.0,0.0,0.0,0.0,0.0,0.0,125.5
8,Mason Crosby,GB,K,0.0,0.0,0.0,0.0,0.0,0.0,0.0,0.0,0.0,0.0,0.0,0.0,24.8,27.4,51.0,0.0,0.0,0.0,0.0,0.0,0.0,0.0,125.2
10,Ryan Succop,TB,K,0.0,0.0,0.0,0.0,0.0,0.0,0.0,0.0,0.0,0.0,0.0,0.0,26.4,31.4,45.7,0.0,0.0,0.0,0.0,0.0,0.0,0.0,124.9
9,Robbie Gould,SF,K,0.0,0.0,0.0,0.0,0.0,0.0,0.0,0.0,0.0,0.0,0.0,0.0,27.2,33.9,43.4,0.0,0.0,0.0,0.0,0.0,0.0,0.0,124.9
36,Tyler Boyd,CIN,WR,83.3,926.0,5.2,0.8,2.1,15.6,0.0,0.0,0.0,0.0,0.0,0.0,0.0,0.0,0.0,0.0,0.0,0.0,0.0,0.0,0.0,0.0,124.0
37,Marquise Brown,BAL,WR,61.2,824.4,7.0,0.6,1.5,8.0,0.0,0.0,0.0,0.0,0.0,0.0,0.0,0.0,0.0,0.0,0.0,0.0,0.0,0.0,0.0,0.0,124.0
11,Wil Lutz,NO,K,0.0,0.0,0.0,0.0,0.0,0.0,0.0,0.0,0.0,0.0,0.0,0.0,26.5,32.0,43.9,0.0,0.0,0.0,0.0,0.0,0.0,0.0,123.4
12,Cody Parkey,CLE,K,0.0,0.0,0.0,0.0,0.0,0.0,0.0,0.0,0.0,0.0,0.0,0.0,26.9,31.9,42.3,0.0,0.0,0.0,0.0,0.0,0.0,0.0,122.9
13,Daniel Carlson,LV,K,0.0,0.0,0.0,0.0,0.0,0.0,0.0,0.0,0.0,0.0,0.0,0.0,27.9,33.9,38.8,0.0,0.0,0.0,0.0,0.0,0.0,0.0,122.4
32,Melvin Gordon III,DEN,RB,21.8,140.6,1.0,2.4,168.9,744.1,5.5,0.0,0.0,0.0,0.0,0.0,0.0,0.0,0.0,0.0,0.0,0.0,0.0,0.0,0.0,0.0,122.4
33,Zack Moss,BUF,RB,24.5,176.1,0.9,1.2,156.9,670.7,5.7,0.0,0.0,0.0,0.0,0.0,0.0,0.0,0.0,0.0,0.0,0.0,0.0,0.0,0.0,0.0,122.3
14,Michael Badgley,LAC,K,0.0,0.0,0.0,0.0,0.0,0.0,0.0,0.0,0.0,0.0,0.0,0.0,27.3,35.3,40.2,0.0,0.0,0.0,0.0,0.0,0.0,0.0,122.1
38,Curtis Samuel,WAS,WR,63.3,745.9,4.9,0.7,24.7,129.1,1.1,0.0,0.0,0.0,0.0,0.0,0.0,0.0,0.0,0.0,0.0,0.0,0.0,0.0,0.0,0.0,121.9
15,Graham Gano,NYG,K,0.0,0.0,0.0,0.0,0.0,0.0,0.0,0.0,0.0,0.0,0.0,0.0,29.7,32.7,32.6,0.0,0.0,0.0,0.0,0.0,0.0,0.0,121.7
16,Matt Prater,ARI,K,0.0,0.0,0.0,0.0,0.0,0.0,0.0,0.0,0.0,0.0,0.0,0.0,26.4,31.6,42.2,0.0,0.0,0.0,0.0,0.0,0.0,0.0,121.3
17,Ka'imi Fairbairn,HOU,K,0.0,0.0,0.0,0.0,0.0,0.0,0.0,0.0,0.0,0.0,0.0,0.0,27.9,32.9,37.0,0.0,0.0,0.0,0.0,0.0,0.0,0.0,120.8
39,Jarvis Landry,CLE,WR,73.9,887.4,5.1,0.8,1.9,9.9,0.3,0.0,0.0,0.0,0.0,0.0,0.0,0.0,0.0,0.0,0.0,0.0,0.0,0.0,0.0,0.0,120.5
18,Matt Gay,LAR,K,0.0,0.0,0.0,0.0,0.0,0.0,0.0,0.0,0.0,0.0,0.0,0.0,27.7,33.2,36.7,0.0,0.0,0.0,0.0,0.0,0.0,0.0,119.9
40,Laviska Shenault Jr.,JAC,WR,70.3,772.5,4.9,0.7,20.2,112.3,0.6,0.0,0.0,0.0,0.0,0.0,0.0,0.0,0.0,0.0,0.0,0.0,0.0,0.0,0.0,0.0,119.7
41,Michael Thomas,NO,WR,76.3,908.6,5.0,0.7,0.3,-0.8,0.0,0.0,0.0,0.0,0.0,0.0,0.0,0.0,0.0,0.0,0.0,0.0,0.0,0.0,0.0,0.0,119.3
4,Kyle Pitts,ATL,TE,69.0,832.5,6.4,1.2,0.0,0.0,0.0,0.0,0.0,0.0,0.0,0.0,0.0,0.0,0.0,0.0,0.0,0.0,0.0,0.0,0.0,0.0,119.0
42,DeVante Parker,MIA,WR,67.1,857.8,5.7,0.7,0.0,0.0,0.0,0.0,0.0,0.0,0.0,0.0,0.0,0.0,0.0,0.0,0.0,0.0,0.0,0.0,0.0,0.0,118.8
19,Cairo Santos,CHI,K,0.0,0.0,0.0,0.0,0.0,0.0,0.0,0.0,0.0,0.0,0.0,0.0,27.3,33.1,36.4,0.0,0.0,0.0,0.0,0.0,0.0,0.0,118.4
20,Tucker McCann,TEN,K,0.0,0.0,0.0,0.0,0.0,0.0,0.0,0.0,0.0,0.0,0.0,0.0,23.9,28.6,46.7,0.0,0.0,0.0,0.0,0.0,0.0,0.0,118.3
21,Nick Folk,NE,K,0.0,0.0,0.0,0.0,0.0,0.0,0.0,0.0,0.0,0.0,0.0,0.0,27.3,31.4,36.3,0.0,0.0,0.0,0.0,0.0,0.0,0.0,118.1
22,Greg Joseph,MIN,K,0.0,0.0,0.0,0.0,0.0,0.0,0.0,0.0,0.0,0.0,0.0,0.0,24.7,29.9,43.6,0.0,0.0,0.0,0.0,0.0,0.0,0.0,117.9
43,Mike Williams,LAC,WR,53.5,879.1,5.2,0.6,0.3,0.5,0.0,0.0,0.0,0.0,0.0,0.0,0.0,0.0,0.0,0.0,0.0,0.0,0.0,0.0,0.0,0.0,117.8
44,DeVonta Smith,PHI,WR,63.7,900.1,4.8,1.2,1.0,6.2,0.0,0.0,0.0,0.0,0.0,0.0,0.0,0.0,0.0,0.0,0.0,0.0,0.0,0.0,0.0,0.0,117.2
0,Tampa Bay Buccaneers,Tampa Bay Buccaneers,DST,0.0,0.0,0.0,0.0,0.0,0.0,0.0,0.0,0.0,0.0,0.0,0.0,0.0,0.0,0.0,46.3,15.2,11.1,17.9,2.8,0.5,372.4,117.0
23,Brandon McManus,DEN,K,0.0,0.0,0.0,0.0,0.0,0.0,0.0,0.0,0.0,0.0,0.0,0.0,27.6,31.8,34.0,0.0,0.0,0.0,0.0,0.0,0.0,0.0,116.6
24,Evan McPherson,CIN,K,0.0,0.0,0.0,0.0,0.0,0.0,0.0,0.0,0.0,0.0,0.0,0.0,26.9,32.5,35.8,0.0,0.0,0.0,0.0,0.0,0.0,0.0,116.5
45,T.Y. Hilton,IND,WR,62.2,828.1,5.8,0.6,0.0,0.0,0.0,0.0,0.0,0.0,0.0,0.0,0.0,0.0,0.0,0.0,0.0,0.0,0.0,0.0,0.0,0.0,116.3
34,Ronald Jones II,TB,RB,16.0,112.7,0.3,1.4,162.9,732.4,5.4,0.0,0.0,0.0,0.0,0.0,0.0,0.0,0.0,0.0,0.0,0.0,0.0,0.0,0.0,0.0,115.8
46,Will Fuller V,MIA,WR,66.8,850.0,5.3,0.6,0.0,0.0,0.0,0.0,0.0,0.0,0.0,0.0,0.0,0.0,0.0,0.0,0.0,0.0,0.0,0.0,0.0,0.0,115.6
1,Los Angeles Rams,Los Angeles Rams,DST,0.0,0.0,0.0,0.0,0.0,0.0,0.0,0.0,0.0,0.0,0.0,0.0,0.0,0.0,0.0,47.0,14.1,10.7,15.9,2.7,1.0,373.5,115.0
2,Pittsburgh Steelers,Pittsburgh Steelers,DST,0.0,0.0,0.0,0.0,0.0,0.0,0.0,0.0,0.0,0.0,0.0,0.0,0.0,0.0,0.0,46.1,15.0,10.2,15.4,2.7,1.0,369.1,114.8
25,Chris Boswell,PIT,K,0.0,0.0,0.0,0.0,0.0,0.0,0.0,0.0,0.0,0.0,0.0,0.0,25.5,29.0,37.2,0.0,0.0,0.0,0.0,0.0,0.0,0.0,113.8
5,T.J. Hockenson,DET,TE,75.2,834.5,5.2,0.8,0.0,0.0,0.0,0.0,0.0,0.0,0.0,0.0,0.0,0.0,0.0,0.0,0.0,0.0,0.0,0.0,0.0,0.0,113.2
35,James Conner,ARI,RB,22.5,156.8,0.7,1.4,141.7,627.3,5.5,0.0,0.0,0.0,0.0,0.0,0.0,0.0,0.0,0.0,0.0,0.0,0.0,0.0,0.0,0.0,112.8
26,Dustin Hopkins,WAS,K,0.0,0.0,0.0,0.0,0.0,0.0,0.0,0.0,0.0,0.0,0.0,0.0,26.1,32.1,34.4,0.0,0.0,0.0,0.0,0.0,0.0,0.0,112.6
27,Joey Slye,CAR,K,0.0,0.0,0.0,0.0,0.0,0.0,0.0,0.0,0.0,0.0,0.0,0.0,26.7,33.4,32.6,0.0,0.0,0.0,0.0,0.0,0.0,0.0,112.6
34,Drew Lock,DEN,QB,0.0,0.0,0.0,2.4,28.2,111.7,1.0,263.3,155.6,1787.7,11.0,7.6,0.0,0.0,0.0,0.0,0.0,0.0,0.0,0.0,0.0,0.0,112.5
36,Gus Edwards,BAL,RB,11.0,93.5,0.3,1.3,150.9,733.6,5.1,0.0,0.0,0.0,0.0,0.0,0.0,0.0,0.0,0.0,0.0,0.0,0.0,0.0,0.0,0.0,112.4
3,Washington Football Team,Washington Football Team,DST,0.0,0.0,0.0,0.0,0.0,0.0,0.0,0.0,0.0,0.0,0.0,0.0,0.0,0.0,0.0,47.1,14.0,10.5,15.7,2.5,0.5,373.1,112.1
4,Indianapolis Colts,Indianapolis Colts,DST,0.0,0.0,0.0,0.0,0.0,0.0,0.0,0.0,0.0,0.0,0.0,0.0,0.0,0.0,0.0,43.0,14.0,10.7,16.9,3.0,1.0,388.1,112.0
37,Trey Sermon,SF,RB,19.3,157.6,1.0,1.8,138.8,631.0,5.1,0.0,0.0,0.0,0.0,0.0,0.0,0.0,0.0,0.0,0.0,0.0,0.0,0.0,0.0,0.0,111.7
38,Kenyan Drake,LV,RB,35.1,247.7,0.8,1.4,137.3,571.1,4.6,0.0,0.0,0.0,0.0,0.0,0.0,0.0,0.0,0.0,0.0,0.0,0.0,0.0,0.0,0.0,111.5
47,Corey Davis,NYJ,WR,68.1,885.5,4.1,0.8,0.0,0.0,0.0,0.0,0.0,0.0,0.0,0.0,0.0,0.0,0.0,0.0,0.0,0.0,0.0,0.0,0.0,0.0,111.4
35,Tyrod Taylor,HOU,QB,0.0,0.0,0.0,1.1,26.7,124.4,1.0,243.7,149.8,1700.1,9.2,4.8,0.0,0.0,0.0,0.0,0.0,0.0,0.0,0.0,0.0,0.0,111.4
28,Randy Bullock,DET,K,0.0,0.0,0.0,0.0,0.0,0.0,0.0,0.0,0.0,0.0,0.0,0.0,25.9,31.4,32.7,0.0,0.0,0.0,0.0,0.0,0.0,0.0,110.4
29,Josh Lambo,JAC,K,0.0,0.0,0.0,0.0,0.0,0.0,0.0,0.0,0.0,0.0,0.0,0.0,25.9,28.7,31.9,0.0,0.0,0.0,0.0,0.0,0.0,0.0,109.6
5,Philadelphia Eagles,Philadelphia Eagles,DST,0.0,0.0,0.0,0.0,0.0,0.0,0.0,0.0,0.0,0.0,0.0,0.0,0.0,0.0,0.0,45.7,12.4,10.3,16.6,2.5,1.0,416.0,107.8
48,Marvin Jones Jr.,JAC,WR,60.1,763.8,5.3,0.6,0.3,0.0,0.0,0.0,0.0,0.0,0.0,0.0,0.0,0.0,0.0,0.0,0.0,0.0,0.0,0.0,0.0,0.0,107.2
49,Mecole Hardman,KC,WR,51.8,722.7,5.5,1.7,6.4,43.7,0.1,0.0,0.0,0.0,0.0,0.0,0.0,0.0,0.0,0.0,0.0,0.0,0.0,0.0,0.0,0.0,106.8
39,Latavius Murray,NO,RB,25.3,184.1,1.0,1.2,141.6,602.0,4.1,0.0,0.0,0.0,0.0,0.0,0.0,0.0,0.0,0.0,0.0,0.0,0.0,0.0,0.0,0.0,106.5
6,Arizona Cardinals,Arizona Cardinals,DST,0.0,0.0,0.0,0.0,0.0,0.0,0.0,0.0,0.0,0.0,0.0,0.0,0.0,0.0,0.0,46.4,11.6,10.5,17.0,2.1,1.0,394.0,105.3
8,New Orleans Saints,New Orleans Saints,DST,0.0,0.0,0.0,0.0,0.0,0.0,0.0,0.0,0.0,0.0,0.0,0.0,0.0,0.0,0.0,43.2,14.5,8.9,12.2,2.5,0.0,381.1,105.1
7,Seattle Seahawks,Seattle Seahawks,DST,0.0,0.0,0.0,0.0,0.0,0.0,0.0,0.0,0.0,0.0,0.0,0.0,0.0,0.0,0.0,41.9,13.6,9.9,14.3,2.4,1.0,398.8,105.1
9,Dallas Cowboys,Dallas Cowboys,DST,0.0,0.0,0.0,0.0,0.0,0.0,0.0,0.0,0.0,0.0,0.0,0.0,0.0,0.0,0.0,39.3,13.0,11.9,19.5,2.6,0.0,407.0,105.0
10,San Francisco 49ers,San Francisco 49ers,DST,0.0,0.0,0.0,0.0,0.0,0.0,0.0,0.0,0.0,0.0,0.0,0.0,0.0,0.0,0.0,42.1,13.0,10.3,16.7,2.5,0.5,375.1,104.9
11,New England Patriots,New England Patriots,DST,0.0,0.0,0.0,0.0,0.0,0.0,0.0,0.0,0.0,0.0,0.0,0.0,0.0,0.0,0.0,39.6,15.4,8.9,12.7,2.6,0.5,355.8,104.8
12,Carolina Panthers,Carolina Panthers,DST,0.0,0.0,0.0,0.0,0.0,0.0,0.0,0.0,0.0,0.0,0.0,0.0,0.0,0.0,0.0,36.6,13.5,12.4,20.6,2.5,0.5,426.5,104.6
13,Green Bay Packers,Green Bay Packers,DST,0.0,0.0,0.0,0.0,0.0,0.0,0.0,0.0,0.0,0.0,0.0,0.0,0.0,0.0,0.0,41.9,14.5,8.8,14.1,2.5,0.5,388.2,104.6
14,Baltimore Ravens,Baltimore Ravens,DST,0.0,0.0,0.0,0.0,0.0,0.0,0.0,0.0,0.0,0.0,0.0,0.0,0.0,0.0,0.0,36.4,12.5,11.2,18.0,3.1,1.0,359.6,104.4
15,Miami Dolphins,Miami Dolphins,DST,0.0,0.0,0.0,0.0,0.0,0.0,0.0,0.0,0.0,0.0,0.0,0.0,0.0,0.0,0.0,38.9,14.9,8.8,15.4,2.7,1.0,406.9,104.2
40,Michael Carter,NYJ,RB,26.7,204.2,0.9,1.8,139.5,586.1,3.9,0.0,0.0,0.0,0.0,0.0,0.0,0.0,0.0,0.0,0.0,0.0,0.0,0.0,0.0,0.0,104.1
50,Antonio Brown,TB,WR,61.3,686.4,5.9,0.6,2.0,11.4,0.0,0.0,0.0,0.0,0.0,0.0,0.0,0.0,0.0,0.0,0.0,0.0,0.0,0.0,0.0,0.0,104.1
16,Cleveland Browns,Cleveland Browns,DST,0.0,0.0,0.0,0.0,0.0,0.0,0.0,0.0,0.0,0.0,0.0,0.0,0.0,0.0,0.0,38.9,14.0,10.0,15.2,2.5,1.0,392.9,104.1
17,Kansas City Chiefs,Kansas City Chiefs,DST,0.0,0.0,0.0,0.0,0.0,0.0,0.0,0.0,0.0,0.0,0.0,0.0,0.0,0.0,0.0,37.3,14.4,9.3,15.1,3.0,0.5,389.0,104.0
30,Austin Seibert,CIN,K,0.0,0.0,0.0,0.0,0.0,0.0,0.0,0.0,0.0,0.0,0.0,0.0,25.3,33.8,27.9,0.0,0.0,0.0,0.0,0.0,0.0,0.0,103.9
41,Jamaal Williams,DET,RB,35.2,239.1,1.2,1.2,133.5,542.0,3.4,0.0,0.0,0.0,0.0,0.0,0.0,0.0,0.0,0.0,0.0,0.0,0.0,0.0,0.0,0.0,103.8
18,Buffalo Bills,Buffalo Bills,DST,0.0,0.0,0.0,0.0,0.0,0.0,0.0,0.0,0.0,0.0,0.0,0.0,0.0,0.0,0.0,40.0,14.4,9.5,15.0,2.6,0.0,371.5,103.4
31,Sam Ficken,NYJ,K,0.0,0.0,0.0,0.0,0.0,0.0,0.0,0.0,0.0,0.0,0.0,0.0,24.9,31.0,28.6,0.0,0.0,0.0,0.0,0.0,0.0,0.0,103.4
51,Breshad Perriman,DET,WR,53.2,776.0,4.0,0.1,1.7,10.0,0.0,0.0,0.0,0.0,0.0,0.0,0.0,0.0,0.0,0.0,0.0,0.0,0.0,0.0,0.0,0.0,102.7
52,Henry Ruggs III,LV,WR,49.4,760.0,4.1,1.7,7.6,42.0,0.1,0.0,0.0,0.0,0.0,0.0,0.0,0.0,0.0,0.0,0.0,0.0,0.0,0.0,0.0,0.0,102.5
53,Jaylen Waddle,MIA,WR,57.2,758.0,4.7,1.2,1.0,5.6,0.0,0.0,0.0,0.0,0.0,0.0,0.0,0.0,0.0,0.0,0.0,0.0,0.0,0.0,0.0,0.0,102.0
19,Denver Broncos,Denver Broncos,DST,0.0,0.0,0.0,0.0,0.0,0.0,0.0,0.0,0.0,0.0,0.0,0.0,0.0,0.0,0.0,41.6,12.8,9.0,13.9,2.5,0.5,400.7,101.2
42,AJ Dillon,GB,RB,14.5,110.2,0.5,1.4,140.5,634.0,4.4,0.0,0.0,0.0,0.0,0.0,0.0,0.0,0.0,0.0,0.0,0.0,0.0,0.0,0.0,0.0,101.1
32,Jake Elliott,PHI,K,0.0,0.0,0.0,0.0,0.0,0.0,0.0,0.0,0.0,0.0,0.0,0.0,22.4,27.3,33.6,0.0,0.0,0.0,0.0,0.0,0.0,0.0,100.9
20,New York Giants,New York Giants,DST,0.0,0.0,0.0,0.0,0.0,0.0,0.0,0.0,0.0,0.0,0.0,0.0,0.0,0.0,0.0,39.5,12.9,10.0,16.7,2.4,0.5,414.3,100.9
54,Cole Beasley,BUF,WR,65.1,751.1,4.5,0.6,0.0,0.0,0.0,0.0,0.0,0.0,0.0,0.0,0.0,0.0,0.0,0.0,0.0,0.0,0.0,0.0,0.0,0.0,100.8
55,Darnell Mooney,CHI,WR,62.8,745.8,4.2,0.7,3.1,17.7,0.1,0.0,0.0,0.0,0.0,0.0,0.0,0.0,0.0,0.0,0.0,0.0,0.0,0.0,0.0,0.0,100.7
6,Dallas Goedert,PHI,TE,64.5,712.5,5.1,0.7,0.0,0.0,0.0,0.0,0.0,0.0,0.0,0.0,0.0,0.0,0.0,0.0,0.0,0.0,0.0,0.0,0.0,0.0,100.6
56,Tyrell Williams,DET,WR,53.5,775.0,4.0,0.7,0.0,0.0,0.0,0.0,0.0,0.0,0.0,0.0,0.0,0.0,0.0,0.0,0.0,0.0,0.0,0.0,0.0,0.0,100.0
57,Michael Pittman Jr.,IND,WR,56.5,743.8,4.0,0.7,3.4,22.5,0.0,0.0,0.0,0.0,0.0,0.0,0.0,0.0,0.0,0.0,0.0,0.0,0.0,0.0,0.0,0.0,99.6
7,Robert Tonyan,GB,TE,55.5,613.2,6.3,0.1,0.0,0.0,0.0,0.0,0.0,0.0,0.0,0.0,0.0,0.0,0.0,0.0,0.0,0.0,0.0,0.0,0.0,0.0,99.1
21,Los Angeles Chargers,Los Angeles Chargers,DST,0.0,0.0,0.0,0.0,0.0,0.0,0.0,0.0,0.0,0.0,0.0,0.0,0.0,0.0,0.0,37.5,13.3,8.5,12.5,2.7,0.5,396.5,98.2
58,Nelson Agholor,NE,WR,51.2,726.9,4.4,0.7,0.3,1.3,0.0,0.0,0.0,0.0,0.0,0.0,0.0,0.0,0.0,0.0,0.0,0.0,0.0,0.0,0.0,0.0,98.0
59,Jalen Reagor,PHI,WR,54.5,735.9,3.9,0.7,3.1,17.6,0.1,0.0,0.0,0.0,0.0,0.0,0.0,0.0,0.0,0.0,0.0,0.0,0.0,0.0,0.0,0.0,97.7
8,Tyler Higbee,LAR,TE,60.1,669.5,5.3,0.6,0.0,0.0,0.0,0.0,0.0,0.0,0.0,0.0,0.0,0.0,0.0,0.0,0.0,0.0,0.0,0.0,0.0,0.0,97.5
22,Atlanta Falcons,Atlanta Falcons,DST,0.0,0.0,0.0,0.0,0.0,0.0,0.0,0.0,0.0,0.0,0.0,0.0,0.0,0.0,0.0,34.6,13.5,10.3,17.3,2.5,0.0,408.4,97.5
60,Emmanuel Sanders,BUF,WR,56.1,684.1,4.9,0.6,1.1,6.7,0.1,0.0,0.0,0.0,0.0,0.0,0.0,0.0,0.0,0.0,0.0,0.0,0.0,0.0,0.0,0.0,97.3
61,Tre'Quan Smith,NO,WR,46.3,659.8,5.2,0.1,0.3,0.5,0.0,0.0,0.0,0.0,0.0,0.0,0.0,0.0,0.0,0.0,0.0,0.0,0.0,0.0,0.0,0.0,97.2
43,Devin Singletary,BUF,RB,30.4,214.5,1.2,1.3,119.6,528.0,2.9,0.0,0.0,0.0,0.0,0.0,0.0,0.0,0.0,0.0,0.0,0.0,0.0,0.0,0.0,0.0,96.6
44,Tony Pollard,DAL,RB,30.6,224.3,1.3,1.2,109.9,491.3,3.2,0.0,0.0,0.0,0.0,0.0,0.0,0.0,0.0,0.0,0.0,0.0,0.0,0.0,0.0,0.0,96.1
62,Russell Gage,ATL,WR,66.6,722.0,4.0,0.6,1.5,6.3,0.0,0.0,0.0,0.0,0.0,0.0,0.0,0.0,0.0,0.0,0.0,0.0,0.0,0.0,0.0,0.0,95.9
23,Minnesota Vikings,Minnesota Vikings,DST,0.0,0.0,0.0,0.0,0.0,0.0,0.0,0.0,0.0,0.0,0.0,0.0,0.0,0.0,0.0,35.2,14.0,8.9,14.7,2.5,0.0,404.4,95.7
36,Mac Jones,NE,QB,0.0,0.0,0.0,1.2,18.6,68.8,0.9,217.9,137.1,1541.3,9.1,6.2,0.0,0.0,0.0,0.0,0.0,0.0,0.0,0.0,0.0,0.0,95.4
24,Chicago Bears,Chicago Bears,DST,0.0,0.0,0.0,0.0,0.0,0.0,0.0,0.0,0.0,0.0,0.0,0.0,0.0,0.0,0.0,36.2,11.9,10.0,16.5,2.2,1.0,395.5,95.3
9,Noah Fant,DEN,TE,62.1,692.5,4.4,0.6,0.0,0.0,0.0,0.0,0.0,0.0,0.0,0.0,0.0,0.0,0.0,0.0,0.0,0.0,0.0,0.0,0.0,0.0,94.4
25,Tennessee Titans,Tennessee Titans,DST,0.0,0.0,0.0,0.0,0.0,0.0,0.0,0.0,0.0,0.0,0.0,0.0,0.0,0.0,0.0,32.8,14.2,8.9,14.5,2.4,0.0,422.7,93.7
10,Logan Thomas,WAS,TE,62.9,646.5,5.0,0.6,0.0,0.0,0.0,0.0,0.0,0.0,0.0,0.0,0.0,0.0,0.0,0.0,0.0,0.0,0.0,0.0,0.0,0.0,93.3
63,Gabriel Davis,BUF,WR,42.8,631.7,5.0,0.1,0.3,0.0,0.0,0.0,0.0,0.0,0.0,0.0,0.0,0.0,0.0,0.0,0.0,0.0,0.0,0.0,0.0,0.0,93.0
45,Tevin Coleman,NYJ,RB,19.0,143.3,0.6,1.2,140.2,548.3,3.8,0.0,0.0,0.0,0.0,0.0,0.0,0.0,0.0,0.0,0.0,0.0,0.0,0.0,0.0,0.0,92.7
11,Mike Gesicki,MIA,TE,55.3,621.3,5.3,0.7,0.0,0.0,0.0,0.0,0.0,0.0,0.0,0.0,0.0,0.0,0.0,0.0,0.0,0.0,0.0,0.0,0.0,0.0,92.4
64,Allen Lazard,GB,WR,48.0,662.4,4.1,0.6,1.3,9.7,0.0,0.0,0.0,0.0,0.0,0.0,0.0,0.0,0.0,0.0,0.0,0.0,0.0,0.0,0.0,0.0,90.6
26,New York Jets,New York Jets,DST,0.0,0.0,0.0,0.0,0.0,0.0,0.0,0.0,0.0,0.0,0.0,0.0,0.0,0.0,0.0,34.8,12.2,9.0,16.1,2.1,0.0,434.2,89.5
27,Jacksonville Jaguars,Jacksonville Jaguars,DST,0.0,0.0,0.0,0.0,0.0,0.0,0.0,0.0,0.0,0.0,0.0,0.0,0.0,0.0,0.0,31.8,12.8,8.2,12.8,2.5,0.5,450.4,89.5
28,Las Vegas Raiders,Las Vegas Raiders,DST,0.0,0.0,0.0,0.0,0.0,0.0,0.0,0.0,0.0,0.0,0.0,0.0,0.0,0.0,0.0,31.7,12.9,8.9,13.8,2.3,0.0,452.0,89.1
46,Nyheim Hines,IND,RB,50.0,373.4,2.2,1.2,62.2,267.2,2.1,0.0,0.0,0.0,0.0,0.0,0.0,0.0,0.0,0.0,0.0,0.0,0.0,0.0,0.0,0.0,87.9
12,Irv Smith Jr.,MIN,TE,51.3,566.4,5.4,0.7,0.0,0.0,0.0,0.0,0.0,0.0,0.0,0.0,0.0,0.0,0.0,0.0,0.0,0.0,0.0,0.0,0.0,0.0,87.7
47,J.D. McKissic,WAS,RB,56.2,410.1,1.7,0.8,65.8,285.6,1.5,0.0,0.0,0.0,0.0,0.0,0.0,0.0,0.0,0.0,0.0,0.0,0.0,0.0,0.0,0.0,87.6
37,Andy Dalton,CHI,QB,0.0,0.0,0.0,0.8,13.1,44.0,0.5,209.5,133.7,1439.6,8.4,5.0,0.0,0.0,0.0,0.0,0.0,0.0,0.0,0.0,0.0,0.0,87.3
13,Jared Cook,LAC,TE,45.9,577.2,5.1,0.6,0.0,0.0,0.0,0.0,0.0,0.0,0.0,0.0,0.0,0.0,0.0,0.0,0.0,0.0,0.0,0.0,0.0,0.0,87.3
14,Rob Gronkowski,TB,TE,42.1,550.7,5.3,0.2,0.0,0.0,0.0,0.0,0.0,0.0,0.0,0.0,0.0,0.0,0.0,0.0,0.0,0.0,0.0,0.0,0.0,0.0,86.6
65,John Brown,LV,WR,47.9,651.1,3.7,0.6,0.3,1.0,0.0,0.0,0.0,0.0,0.0,0.0,0.0,0.0,0.0,0.0,0.0,0.0,0.0,0.0,0.0,0.0,86.2
66,Sterling Shepard,NYG,WR,60.5,616.1,3.5,0.6,3.3,25.8,0.3,0.0,0.0,0.0,0.0,0.0,0.0,0.0,0.0,0.0,0.0,0.0,0.0,0.0,0.0,0.0,85.9
48,James White,NE,RB,52.3,423.4,2.3,1.2,52.4,214.8,1.8,0.0,0.0,0.0,0.0,0.0,0.0,0.0,0.0,0.0,0.0,0.0,0.0,0.0,0.0,0.0,85.8
67,Christian Kirk,ARI,WR,48.0,582.1,4.1,0.6,3.9,26.7,0.0,0.0,0.0,0.0,0.0,0.0,0.0,0.0,0.0,0.0,0.0,0.0,0.0,0.0,0.0,0.0,84.6
29,Detroit Lions,Detroit Lions,DST,0.0,0.0,0.0,0.0,0.0,0.0,0.0,0.0,0.0,0.0,0.0,0.0,0.0,0.0,0.0,32.4,10.7,8.7,14.7,2.0,0.5,473.0,84.3
49,Alexander Mattison,MIN,RB,16.2,133.0,0.6,0.7,115.5,519.5,2.7,0.0,0.0,0.0,0.0,0.0,0.0,0.0,0.0,0.0,0.0,0.0,0.0,0.0,0.0,0.0,84.1
68,A.J. Green,ARI,WR,50.7,619.9,3.9,0.7,0.0,0.0,0.0,0.0,0.0,0.0,0.0,0.0,0.0,0.0,0.0,0.0,0.0,0.0,0.0,0.0,0.0,0.0,84.1
30,Houston Texans,Houston Texans,DST,0.0,0.0,0.0,0.0,0.0,0.0,0.0,0.0,0.0,0.0,0.0,0.0,0.0,0.0,0.0,33.9,10.6,8.6,13.8,1.9,0.0,474.6,83.9
15,Eric Ebron,PIT,TE,58.0,573.6,4.6,0.7,0.0,0.0,0.0,0.0,0.0,0.0,0.0,0.0,0.0,0.0,0.0,0.0,0.0,0.0,0.0,0.0,0.0,0.0,83.3
31,Cincinnati Bengals,Cincinnati Bengals,DST,0.0,0.0,0.0,0.0,0.0,0.0,0.0,0.0,0.0,0.0,0.0,0.0,0.0,0.0,0.0,27.7,12.9,8.3,13.9,2.0,0.5,445.5,83.2
69,Rashod Bateman,BAL,WR,43.8,578.7,4.4,0.6,0.8,4.8,0.0,0.0,0.0,0.0,0.0,0.0,0.0,0.0,0.0,0.0,0.0,0.0,0.0,0.0,0.0,0.0,83.2
50,Tarik Cohen,CHI,RB,54.8,375.0,2.0,1.3,66.4,277.8,1.3,0.0,0.0,0.0,0.0,0.0,0.0,0.0,0.0,0.0,0.0,0.0,0.0,0.0,0.0,0.0,82.6
70,Elijah Moore,NYJ,WR,51.6,624.5,3.4,0.4,0.7,4.2,0.0,0.0,0.0,0.0,0.0,0.0,0.0,0.0,0.0,0.0,0.0,0.0,0.0,0.0,0.0,0.0,82.4
16,Hunter Henry,NE,TE,53.7,583.5,4.2,0.6,0.0,0.0,0.0,0.0,0.0,0.0,0.0,0.0,0.0,0.0,0.0,0.0,0.0,0.0,0.0,0.0,0.0,0.0,82.3
17,Blake Jarwin,DAL,TE,50.9,573.1,4.4,0.7,0.0,0.0,0.0,0.0,0.0,0.0,0.0,0.0,0.0,0.0,0.0,0.0,0.0,0.0,0.0,0.0,0.0,0.0,82.2
71,Marquez Valdes-Scantling,GB,WR,32.8,564.4,3.9,0.6,2.5,14.8,0.0,0.0,0.0,0.0,0.0,0.0,0.0,0.0,0.0,0.0,0.0,0.0,0.0,0.0,0.0,0.0,80.5
72,Jamison Crowder,NYJ,WR,52.3,581.9,3.8,0.6,0.3,3.3,0.0,0.0,0.0,0.0,0.0,0.0,0.0,0.0,0.0,0.0,0.0,0.0,0.0,0.0,0.0,0.0,79.9
18,Jonnu Smith,NE,TE,53.5,561.2,4.1,0.7,0.0,0.0,0.0,0.0,0.0,0.0,0.0,0.0,0.0,0.0,0.0,0.0,0.0,0.0,0.0,0.0,0.0,0.0,79.6
19,Evan Engram,NYG,TE,57.4,581.4,3.7,0.7,0.0,0.0,0.0,0.0,0.0,0.0,0.0,0.0,0.0,0.0,0.0,0.0,0.0,0.0,0.0,0.0,0.0,0.0,78.8
73,Rondale Moore,ARI,WR,48.8,604.6,3.3,1.2,1.1,6.1,0.0,0.0,0.0,0.0,0.0,0.0,0.0,0.0,0.0,0.0,0.0,0.0,0.0,0.0,0.0,0.0,78.7
20,Adam Trautman,NO,TE,50.3,549.8,4.1,0.7,0.0,0.0,0.0,0.0,0.0,0.0,0.0,0.0,0.0,0.0,0.0,0.0,0.0,0.0,0.0,0.0,0.0,0.0,78.2
75,DeSean Jackson,LAR,WR,34.5,547.6,3.5,0.6,2.8,17.1,0.1,0.0,0.0,0.0,0.0,0.0,0.0,0.0,0.0,0.0,0.0,0.0,0.0,0.0,0.0,0.0,77.0
74,Darius Slayton,NYG,WR,42.0,569.2,3.5,0.6,0.8,2.6,0.0,0.0,0.0,0.0,0.0,0.0,0.0,0.0,0.0,0.0,0.0,0.0,0.0,0.0,0.0,0.0,77.0
76,Parris Campbell,IND,WR,43.6,527.1,3.4,0.4,4.9,30.7,0.2,0.0,0.0,0.0,0.0,0.0,0.0,0.0,0.0,0.0,0.0,0.0,0.0,0.0,0.0,0.0,76.6
77,Terrace Marshall Jr.,CAR,WR,44.7,582.6,3.2,1.1,0.5,2.8,0.0,0.0,0.0,0.0,0.0,0.0,0.0,0.0,0.0,0.0,0.0,0.0,0.0,0.0,0.0,0.0,75.5
21,Austin Hooper,CLE,TE,49.6,497.2,4.5,0.6,0.0,0.0,0.0,0.0,0.0,0.0,0.0,0.0,0.0,0.0,0.0,0.0,0.0,0.0,0.0,0.0,0.0,0.0,75.3
51,Phillip Lindsay,HOU,RB,20.4,131.3,0.3,1.1,104.4,460.4,2.7,0.0,0.0,0.0,0.0,0.0,0.0,0.0,0.0,0.0,0.0,0.0,0.0,0.0,0.0,0.0,75.2
22,Anthony Firkser,TEN,TE,48.7,522.8,3.8,0.1,0.0,0.0,0.0,0.0,0.0,0.0,0.0,0.0,0.0,0.0,0.0,0.0,0.0,0.0,0.0,0.0,0.0,0.0,75.1
52,Rashaad Penny,SEA,RB,14.8,116.7,0.7,0.7,89.7,418.4,3.1,0.0,0.0,0.0,0.0,0.0,0.0,0.0,0.0,0.0,0.0,0.0,0.0,0.0,0.0,0.0,75.0
78,Randall Cobb,GB,WR,46.7,578.4,2.8,0.7,0.5,1.3,0.0,0.0,0.0,0.0,0.0,0.0,0.0,0.0,0.0,0.0,0.0,0.0,0.0,0.0,0.0,0.0,73.1
79,Jakobi Meyers,NE,WR,45.4,574.6,2.5,0.4,0.8,4.0,0.0,0.0,0.0,0.0,0.0,0.0,0.0,0.0,0.0,0.0,0.0,0.0,0.0,0.0,0.0,0.0,72.2
53,Darrel Williams,KC,RB,21.1,155.4,0.8,0.6,79.0,331.1,3.2,0.0,0.0,0.0,0.0,0.0,0.0,0.0,0.0,0.0,0.0,0.0,0.0,0.0,0.0,0.0,71.4
80,Hunter Renfrow,LV,WR,44.4,535.8,2.9,0.6,0.0,0.0,0.0,0.0,0.0,0.0,0.0,0.0,0.0,0.0,0.0,0.0,0.0,0.0,0.0,0.0,0.0,0.0,69.7
54,Sony Michel,NE,RB,7.8,68.2,0.4,0.6,99.0,439.9,2.9,0.0,0.0,0.0,0.0,0.0,0.0,0.0,0.0,0.0,0.0,0.0,0.0,0.0,0.0,0.0,68.9
81,Van Jefferson,LAR,WR,39.6,476.0,3.3,0.6,1.4,5.8,0.0,0.0,0.0,0.0,0.0,0.0,0.0,0.0,0.0,0.0,0.0,0.0,0.0,0.0,0.0,0.0,67.3
23,Cole Kmet,CHI,TE,47.0,466.8,3.7,1.2,0.0,0.0,0.0,0.0,0.0,0.0,0.0,0.0,0.0,0.0,0.0,0.0,0.0,0.0,0.0,0.0,0.0,0.0,66.4
82,Keelan Cole Sr.,NYJ,WR,37.5,477.5,3.0,0.2,0.3,1.3,0.0,0.0,0.0,0.0,0.0,0.0,0.0,0.0,0.0,0.0,0.0,0.0,0.0,0.0,0.0,0.0,65.3
24,Gerald Everett,SEA,TE,41.9,431.7,3.9,0.6,0.0,0.0,0.0,0.0,0.0,0.0,0.0,0.0,0.0,0.0,0.0,0.0,0.0,0.0,0.0,0.0,0.0,0.0,65.3
83,Josh Reynolds,TEN,WR,36.1,469.6,3.1,0.6,0.8,4.5,0.0,0.0,0.0,0.0,0.0,0.0,0.0,0.0,0.0,0.0,0.0,0.0,0.0,0.0,0.0,0.0,64.9
84,Denzel Mims,NYJ,WR,37.3,525.1,2.2,0.6,0.3,0.8,0.0,0.0,0.0,0.0,0.0,0.0,0.0,0.0,0.0,0.0,0.0,0.0,0.0,0.0,0.0,0.0,64.6
25,Zach Ertz,PHI,TE,44.1,451.4,3.2,0.1,0.0,0.0,0.0,0.0,0.0,0.0,0.0,0.0,0.0,0.0,0.0,0.0,0.0,0.0,0.0,0.0,0.0,0.0,64.1
55,Ty Johnson,NYJ,RB,19.9,137.8,0.6,0.3,76.2,329.6,2.2,0.0,0.0,0.0,0.0,0.0,0.0,0.0,0.0,0.0,0.0,0.0,0.0,0.0,0.0,0.0,63.1
56,Xavier Jones,LAR,RB,12.3,97.0,0.6,0.6,83.0,342.5,2.8,0.0,0.0,0.0,0.0,0.0,0.0,0.0,0.0,0.0,0.0,0.0,0.0,0.0,0.0,0.0,62.7
57,Giovani Bernard,TB,RB,35.8,272.3,1.4,0.6,54.3,197.6,1.4,0.0,0.0,0.0,0.0,0.0,0.0,0.0,0.0,0.0,0.0,0.0,0.0,0.0,0.0,0.0,62.5
85,Sammy Watkins,BAL,WR,34.7,429.2,3.3,0.6,0.8,7.5,0.0,0.0,0.0,0.0,0.0,0.0,0.0,0.0,0.0,0.0,0.0,0.0,0.0,0.0,0.0,0.0,62.4
58,Damien Williams,CHI,RB,19.0,134.7,0.9,0.6,67.1,281.2,2.7,0.0,0.0,0.0,0.0,0.0,0.0,0.0,0.0,0.0,0.0,0.0,0.0,0.0,0.0,0.0,62.3
86,Rashard Higgins,CLE,WR,29.6,445.9,3.0,0.6,0.0,0.0,0.0,0.0,0.0,0.0,0.0,0.0,0.0,0.0,0.0,0.0,0.0,0.0,0.0,0.0,0.0,0.0,61.1
87,D'Wayne Eskridge,SEA,WR,34.1,419.5,3.2,0.2,0.7,3.7,0.0,0.0,0.0,0.0,0.0,0.0,0.0,0.0,0.0,0.0,0.0,0.0,0.0,0.0,0.0,0.0,60.9
88,Chris Conley,HOU,WR,32.2,457.7,2.5,0.2,0.0,0.0,0.0,0.0,0.0,0.0,0.0,0.0,0.0,0.0,0.0,0.0,0.0,0.0,0.0,0.0,0.0,0.0,60.5
89,James Washington,PIT,WR,32.4,441.9,2.8,0.6,0.0,0.0,0.0,0.0,0.0,0.0,0.0,0.0,0.0,0.0,0.0,0.0,0.0,0.0,0.0,0.0,0.0,0.0,60.1
90,Amon-Ra St. Brown,DET,WR,38.0,460.4,2.3,0.2,0.0,0.0,0.0,0.0,0.0,0.0,0.0,0.0,0.0,0.0,0.0,0.0,0.0,0.0,0.0,0.0,0.0,0.0,59.6
91,Marquez Callaway,NO,WR,35.8,435.0,2.7,0.2,0.0,0.0,0.0,0.0,0.0,0.0,0.0,0.0,0.0,0.0,0.0,0.0,0.0,0.0,0.0,0.0,0.0,0.0,59.2
59,Jeff Wilson Jr.,SF,RB,5.3,48.9,0.6,1.0,69.6,308.8,3.6,0.0,0.0,0.0,0.0,0.0,0.0,0.0,0.0,0.0,0.0,0.0,0.0,0.0,0.0,0.0,59.2
92,Demarcus Robinson,KC,WR,34.5,411.3,3.2,0.6,0.0,0.0,0.0,0.0,0.0,0.0,0.0,0.0,0.0,0.0,0.0,0.0,0.0,0.0,0.0,0.0,0.0,0.0,59.0
26,Dawson Knox,BUF,TE,33.3,383.8,3.5,0.6,0.0,0.0,0.0,0.0,0.0,0.0,0.0,0.0,0.0,0.0,0.0,0.0,0.0,0.0,0.0,0.0,0.0,0.0,58.3
93,Anthony Miller,HOU,WR,36.4,442.6,2.2,0.6,3.3,16.3,0.1,0.0,0.0,0.0,0.0,0.0,0.0,0.0,0.0,0.0,0.0,0.0,0.0,0.0,0.0,0.0,58.1
27,Hayden Hurst,ATL,TE,38.5,404.6,2.9,0.1,0.0,0.0,0.0,0.0,0.0,0.0,0.0,0.0,0.0,0.0,0.0,0.0,0.0,0.0,0.0,0.0,0.0,0.0,58.0
60,Malcolm Brown,MIA,RB,10.0,66.8,0.2,0.6,78.0,303.2,3.4,0.0,0.0,0.0,0.0,0.0,0.0,0.0,0.0,0.0,0.0,0.0,0.0,0.0,0.0,0.0,57.4
94,Zach Pascal,IND,WR,28.0,385.3,3.1,0.0,0.3,2.0,0.0,0.0,0.0,0.0,0.0,0.0,0.0,0.0,0.0,0.0,0.0,0.0,0.0,0.0,0.0,0.0,57.4
61,Justin Jackson,LAC,RB,15.8,112.6,0.4,0.6,77.5,350.4,1.6,0.0,0.0,0.0,0.0,0.0,0.0,0.0,0.0,0.0,0.0,0.0,0.0,0.0,0.0,0.0,57.2
28,Chris Herndon IV,NYJ,TE,41.0,414.1,3.2,1.7,0.0,0.0,0.0,0.0,0.0,0.0,0.0,0.0,0.0,0.0,0.0,0.0,0.0,0.0,0.0,0.0,0.0,0.0,57.1
95,Jalen Guyton,LAC,WR,27.4,420.6,2.3,0.1,2.0,7.9,0.1,0.0,0.0,0.0,0.0,0.0,0.0,0.0,0.0,0.0,0.0,0.0,0.0,0.0,0.0,0.0,56.7
29,Jordan Akins,HOU,TE,39.7,423.1,2.3,0.1,0.0,0.0,0.0,0.0,0.0,0.0,0.0,0.0,0.0,0.0,0.0,0.0,0.0,0.0,0.0,0.0,0.0,0.0,55.8
62,Joshua Kelley,LAC,RB,9.3,67.4,0.2,1.7,98.2,366.7,2.4,0.0,0.0,0.0,0.0,0.0,0.0,0.0,0.0,0.0,0.0,0.0,0.0,0.0,0.0,0.0,55.6
30,C.J. Uzomah,CIN,TE,36.8,357.8,3.2,0.1,0.0,0.0,0.0,0.0,0.0,0.0,0.0,0.0,0.0,0.0,0.0,0.0,0.0,0.0,0.0,0.0,0.0,0.0,55.1
31,Jack Doyle,IND,TE,34.5,354.8,3.2,0.2,0.0,0.0,0.0,0.0,0.0,0.0,0.0,0.0,0.0,0.0,0.0,0.0,0.0,0.0,0.0,0.0,0.0,0.0,54.6
63,Darrynton Evans,TEN,RB,16.8,138.6,1.0,0.7,56.0,242.3,1.9,0.0,0.0,0.0,0.0,0.0,0.0,0.0,0.0,0.0,0.0,0.0,0.0,0.0,0.0,0.0,54.6
96,KJ Hamler,DEN,WR,30.2,362.0,2.4,0.6,8.9,43.9,0.2,0.0,0.0,0.0,0.0,0.0,0.0,0.0,0.0,0.0,0.0,0.0,0.0,0.0,0.0,0.0,54.5
64,Salvon Ahmed,MIA,RB,12.6,84.7,0.4,0.3,74.0,311.3,2.1,0.0,0.0,0.0,0.0,0.0,0.0,0.0,0.0,0.0,0.0,0.0,0.0,0.0,0.0,0.0,54.0
97,Kendrick Bourne,NE,WR,31.7,401.0,2.3,0.1,0.0,0.0,0.0,0.0,0.0,0.0,0.0,0.0,0.0,0.0,0.0,0.0,0.0,0.0,0.0,0.0,0.0,0.0,53.3
65,Marlon Mack,IND,RB,9.2,65.8,0.2,0.6,72.9,310.6,2.6,0.0,0.0,0.0,0.0,0.0,0.0,0.0,0.0,0.0,0.0,0.0,0.0,0.0,0.0,0.0,53.0
38,Davis Mills,HOU,QB,0.0,0.0,0.0,0.8,8.2,34.4,0.4,122.0,76.8,892.1,4.7,3.1,0.0,0.0,0.0,0.0,0.0,0.0,0.0,0.0,0.0,0.0,52.6
98,Kadarius Toney,NYG,WR,29.9,357.1,2.0,0.3,6.6,39.9,0.2,0.0,0.0,0.0,0.0,0.0,0.0,0.0,0.0,0.0,0.0,0.0,0.0,0.0,0.0,0.0,52.0
66,Cordarrelle Patterson,ATL,RB,15.1,134.1,0.7,0.2,55.1,252.2,1.6,0.0,0.0,0.0,0.0,0.0,0.0,0.0,0.0,0.0,0.0,0.0,0.0,0.0,0.0,0.0,52.0
67,Kenneth Gainwell,PHI,RB,14.2,113.1,0.6,1.1,61.8,280.9,1.9,0.0,0.0,0.0,0.0,0.0,0.0,0.0,0.0,0.0,0.0,0.0,0.0,0.0,0.0,0.0,51.7
99,Tim Patrick,DEN,WR,28.7,376.1,2.5,0.6,0.0,0.0,0.0,0.0,0.0,0.0,0.0,0.0,0.0,0.0,0.0,0.0,0.0,0.0,0.0,0.0,0.0,0.0,51.3
100,Olamide Zaccheaus,ATL,WR,27.0,395.0,1.9,0.1,0.3,1.4,0.0,0.0,0.0,0.0,0.0,0.0,0.0,0.0,0.0,0.0,0.0,0.0,0.0,0.0,0.0,0.0,51.1
32,Mo Alie-Cox,IND,TE,33.2,363.0,2.7,0.6,0.0,0.0,0.0,0.0,0.0,0.0,0.0,0.0,0.0,0.0,0.0,0.0,0.0,0.0,0.0,0.0,0.0,0.0,51.1
101,Deonte Harris,NO,WR,29.8,337.5,1.8,0.3,8.5,54.2,0.2,0.0,0.0,0.0,0.0,0.0,0.0,0.0,0.0,0.0,0.0,0.0,0.0,0.0,0.0,0.0,50.1
102,Nico Collins,HOU,WR,28.2,380.1,2.0,0.2,0.0,0.0,0.0,0.0,0.0,0.0,0.0,0.0,0.0,0.0,0.0,0.0,0.0,0.0,0.0,0.0,0.0,0.0,49.6
33,Will Dissly,SEA,TE,30.3,317.8,3.0,0.1,0.0,0.0,0.0,0.0,0.0,0.0,0.0,0.0,0.0,0.0,0.0,0.0,0.0,0.0,0.0,0.0,0.0,0.0,49.6
68,Devontae Booker,NYG,RB,10.5,69.7,0.2,0.7,75.6,318.6,1.8,0.0,0.0,0.0,0.0,0.0,0.0,0.0,0.0,0.0,0.0,0.0,0.0,0.0,0.0,0.0,49.2
34,Donald Parham Jr.,LAC,TE,28.0,340.6,2.5,0.1,0.0,0.0,0.0,0.0,0.0,0.0,0.0,0.0,0.0,0.0,0.0,0.0,0.0,0.0,0.0,0.0,0.0,0.0,48.8
103,Preston Williams,MIA,WR,24.5,315.8,2.9,0.6,0.0,0.0,0.0,0.0,0.0,0.0,0.0,0.0,0.0,0.0,0.0,0.0,0.0,0.0,0.0,0.0,0.0,0.0,48.0
69,Jake Funk,LAR,RB,14.2,113.5,0.5,0.3,48.4,201.3,2.2,0.0,0.0,0.0,0.0,0.0,0.0,0.0,0.0,0.0,0.0,0.0,0.0,0.0,0.0,0.0,47.4
70,Qadree Ollison,ATL,RB,9.0,72.0,0.2,0.7,67.3,257.9,2.4,0.0,0.0,0.0,0.0,0.0,0.0,0.0,0.0,0.0,0.0,0.0,0.0,0.0,0.0,0.0,47.3
71,Wayne Gallman,SF,RB,9.2,72.0,0.4,1.0,55.2,245.2,2.5,0.0,0.0,0.0,0.0,0.0,0.0,0.0,0.0,0.0,0.0,0.0,0.0,0.0,0.0,0.0,47.2
35,O.J. Howard,TB,TE,26.7,338.8,2.4,0.7,0.0,0.0,0.0,0.0,0.0,0.0,0.0,0.0,0.0,0.0,0.0,0.0,0.0,0.0,0.0,0.0,0.0,0.0,47.1
36,Dan Arnold,CAR,TE,27.7,346.2,2.3,0.7,0.0,0.0,0.0,0.0,0.0,0.0,0.0,0.0,0.0,0.0,0.0,0.0,0.0,0.0,0.0,0.0,0.0,0.0,47.0
72,Chuba Hubbard,CAR,RB,10.7,86.8,0.4,1.1,61.9,261.6,2.0,0.0,0.0,0.0,0.0,0.0,0.0,0.0,0.0,0.0,0.0,0.0,0.0,0.0,0.0,0.0,46.9
73,Rhamondre Stevenson,NE,RB,9.9,74.1,0.4,1.1,60.6,263.9,2.1,0.0,0.0,0.0,0.0,0.0,0.0,0.0,0.0,0.0,0.0,0.0,0.0,0.0,0.0,0.0,46.6
74,Mark Ingram II,HOU,RB,10.7,90.2,0.7,0.6,57.4,235.8,1.8,0.0,0.0,0.0,0.0,0.0,0.0,0.0,0.0,0.0,0.0,0.0,0.0,0.0,0.0,0.0,46.3
75,Rex Burkhead,HOU,RB,16.7,158.3,1.3,0.6,35.6,150.5,1.4,0.0,0.0,0.0,0.0,0.0,0.0,0.0,0.0,0.0,0.0,0.0,0.0,0.0,0.0,0.0,45.7
104,Tyron Johnson,LAC,WR,19.9,312.1,2.1,0.1,2.3,13.0,0.0,0.0,0.0,0.0,0.0,0.0,0.0,0.0,0.0,0.0,0.0,0.0,0.0,0.0,0.0,0.0,45.3
76,Trayveon Williams,CIN,RB,15.9,125.2,0.6,1.6,54.7,234.6,1.5,0.0,0.0,0.0,0.0,0.0,0.0,0.0,0.0,0.0,0.0,0.0,0.0,0.0,0.0,0.0,45.1
105,Bryan Edwards,LV,WR,24.0,337.4,1.9,0.1,0.0,0.0,0.0,0.0,0.0,0.0,0.0,0.0,0.0,0.0,0.0,0.0,0.0,0.0,0.0,0.0,0.0,0.0,45.0
106,Amari Rodgers,GB,WR,25.8,315.6,1.9,0.2,2.7,16.3,0.1,0.0,0.0,0.0,0.0,0.0,0.0,0.0,0.0,0.0,0.0,0.0,0.0,0.0,0.0,0.0,44.6
107,Adam Humphries,WAS,WR,31.5,343.5,1.7,0.1,0.0,0.0,0.0,0.0,0.0,0.0,0.0,0.0,0.0,0.0,0.0,0.0,0.0,0.0,0.0,0.0,0.0,0.0,44.0
108,Mohamed Sanu,SF,WR,31.9,329.3,1.9,0.5,1.3,5.7,0.0,0.0,0.0,0.0,0.0,0.0,0.0,0.0,0.0,0.0,0.0,0.0,0.0,0.0,0.0,0.0,43.9
77,Kyle Juszczyk,SF,RB,21.8,230.4,2.0,0.7,14.0,53.0,0.7,0.0,0.0,0.0,0.0,0.0,0.0,0.0,0.0,0.0,0.0,0.0,0.0,0.0,0.0,0.0,43.0
37,David Njoku,CLE,TE,24.2,259.5,2.6,0.0,0.0,0.0,0.0,0.0,0.0,0.0,0.0,0.0,0.0,0.0,0.0,0.0,0.0,0.0,0.0,0.0,0.0,0.0,41.6
110,Josh Palmer,LAC,WR,24.1,293.4,2.0,0.0,0.0,0.0,0.0,0.0,0.0,0.0,0.0,0.0,0.0,0.0,0.0,0.0,0.0,0.0,0.0,0.0,0.0,0.0,41.2
109,Richie James Jr.,SF,WR,23.8,365.9,1.5,2.1,0.8,0.0,0.0,0.0,0.0,0.0,0.0,0.0,0.0,0.0,0.0,0.0,0.0,0.0,0.0,0.0,0.0,0.0,41.2
111,Keke Coutee,HOU,WR,27.6,325.8,1.7,2.1,0.7,3.7,0.3,0.0,0.0,0.0,0.0,0.0,0.0,0.0,0.0,0.0,0.0,0.0,0.0,0.0,0.0,0.0,41.0
112,Byron Pringle,KC,WR,22.7,291.0,2.0,0.2,0.0,0.0,0.0,0.0,0.0,0.0,0.0,0.0,0.0,0.0,0.0,0.0,0.0,0.0,0.0,0.0,0.0,0.0,40.7
78,DeeJay Dallas,SEA,RB,14.0,103.2,0.7,0.6,45.6,181.6,1.5,0.0,0.0,0.0,0.0,0.0,0.0,0.0,0.0,0.0,0.0,0.0,0.0,0.0,0.0,0.0,40.7
113,Quintez Cephus,DET,WR,23.8,316.5,1.5,0.2,0.0,0.0,0.0,0.0,0.0,0.0,0.0,0.0,0.0,0.0,0.0,0.0,0.0,0.0,0.0,0.0,0.0,0.0,40.2
79,Boston Scott,PHI,RB,18.3,144.4,0.5,0.6,38.6,162.8,1.3,0.0,0.0,0.0,0.0,0.0,0.0,0.0,0.0,0.0,0.0,0.0,0.0,0.0,0.0,0.0,40.2
38,Tyler Conklin,MIN,TE,26.2,275.2,2.1,0.1,0.0,0.0,0.0,0.0,0.0,0.0,0.0,0.0,0.0,0.0,0.0,0.0,0.0,0.0,0.0,0.0,0.0,0.0,39.8
114,Travis Fulgham,PHI,WR,23.0,297.7,1.6,0.1,0.0,0.0,0.0,0.0,0.0,0.0,0.0,0.0,0.0,0.0,0.0,0.0,0.0,0.0,0.0,0.0,0.0,0.0,39.4
80,Benny Snell Jr.,PIT,RB,7.0,48.2,0.2,0.7,63.6,236.8,1.9,0.0,0.0,0.0,0.0,0.0,0.0,0.0,0.0,0.0,0.0,0.0,0.0,0.0,0.0,0.0,39.3
39,Jacob Hollister,BUF,TE,29.1,263.8,2.3,0.6,0.0,0.0,0.0,0.0,0.0,0.0,0.0,0.0,0.0,0.0,0.0,0.0,0.0,0.0,0.0,0.0,0.0,0.0,39.2
40,Jimmy Graham,CHI,TE,22.8,237.7,2.6,0.1,0.0,0.0,0.0,0.0,0.0,0.0,0.0,0.0,0.0,0.0,0.0,0.0,0.0,0.0,0.0,0.0,0.0,0.0,39.1
81,Samaje Perine,CIN,RB,9.1,61.8,0.2,0.1,51.1,215.9,1.5,0.0,0.0,0.0,0.0,0.0,0.0,0.0,0.0,0.0,0.0,0.0,0.0,0.0,0.0,0.0,37.7
82,Mike Boone,DEN,RB,6.4,43.3,0.1,0.6,48.0,228.1,1.8,0.0,0.0,0.0,0.0,0.0,0.0,0.0,0.0,0.0,0.0,0.0,0.0,0.0,0.0,0.0,37.4
83,Peyton Barber,WAS,RB,5.0,32.9,0.1,0.6,59.3,210.6,2.2,0.0,0.0,0.0,0.0,0.0,0.0,0.0,0.0,0.0,0.0,0.0,0.0,0.0,0.0,0.0,37.1
115,Scotty Miller,TB,WR,17.0,245.6,1.8,0.1,1.4,7.7,0.1,0.0,0.0,0.0,0.0,0.0,0.0,0.0,0.0,0.0,0.0,0.0,0.0,0.0,0.0,0.0,36.5
116,Dyami Brown,WAS,WR,19.7,273.6,1.5,0.1,0.0,0.0,0.0,0.0,0.0,0.0,0.0,0.0,0.0,0.0,0.0,0.0,0.0,0.0,0.0,0.0,0.0,0.0,36.2
41,Dalton Schultz,DAL,TE,23.4,242.6,2.0,0.1,0.0,0.0,0.0,0.0,0.0,0.0,0.0,0.0,0.0,0.0,0.0,0.0,0.0,0.0,0.0,0.0,0.0,0.0,36.1
117,Geronimo Allison,DET,WR,25.2,275.1,1.5,0.1,0.0,0.0,0.0,0.0,0.0,0.0,0.0,0.0,0.0,0.0,0.0,0.0,0.0,0.0,0.0,0.0,0.0,0.0,36.0
118,Tutu Atwell,LAR,WR,21.5,280.5,1.4,0.2,0.0,0.0,0.0,0.0,0.0,0.0,0.0,0.0,0.0,0.0,0.0,0.0,0.0,0.0,0.0,0.0,0.0,0.0,36.0
119,Isaiah McKenzie,BUF,WR,18.9,200.8,1.9,0.1,5.7,28.4,0.2,0.0,0.0,0.0,0.0,0.0,0.0,0.0,0.0,0.0,0.0,0.0,0.0,0.0,0.0,0.0,35.5
42,Maxx Williams,ARI,TE,21.2,236.4,2.0,0.1,0.0,0.0,0.0,0.0,0.0,0.0,0.0,0.0,0.0,0.0,0.0,0.0,0.0,0.0,0.0,0.0,0.0,0.0,35.2
84,Brian Hill,TEN,RB,5.6,41.0,0.1,0.6,48.7,248.0,1.1,0.0,0.0,0.0,0.0,0.0,0.0,0.0,0.0,0.0,0.0,0.0,0.0,0.0,0.0,0.0,34.9
120,Isaiah Coulter,HOU,WR,17.3,271.5,1.5,1.0,1.0,4.0,0.0,0.0,0.0,0.0,0.0,0.0,0.0,0.0,0.0,0.0,0.0,0.0,0.0,0.0,0.0,0.0,34.6
121,Auden Tate,CIN,WR,20.5,260.1,1.4,0.1,0.0,0.0,0.0,0.0,0.0,0.0,0.0,0.0,0.0,0.0,0.0,0.0,0.0,0.0,0.0,0.0,0.0,0.0,34.3
43,Nick Boyle,BAL,TE,23.0,216.5,2.1,0.0,0.0,0.0,0.0,0.0,0.0,0.0,0.0,0.0,0.0,0.0,0.0,0.0,0.0,0.0,0.0,0.0,0.0,0.0,34.1
122,Damiere Byrd,CHI,WR,22.6,260.8,1.2,0.5,0.3,2.7,0.0,0.0,0.0,0.0,0.0,0.0,0.0,0.0,0.0,0.0,0.0,0.0,0.0,0.0,0.0,0.0,32.7
85,Matt Breida,BUF,RB,9.6,76.7,0.4,1.1,43.6,189.3,1.0,0.0,0.0,0.0,0.0,0.0,0.0,0.0,0.0,0.0,0.0,0.0,0.0,0.0,0.0,0.0,32.7
86,Carlos Hyde,JAC,RB,6.3,36.7,0.0,0.6,52.5,212.8,1.4,0.0,0.0,0.0,0.0,0.0,0.0,0.0,0.0,0.0,0.0,0.0,0.0,0.0,0.0,0.0,32.4
87,Brandon Bolden,NE,RB,4.9,49.9,0.6,0.0,19.4,98.7,2.3,0.0,0.0,0.0,0.0,0.0,0.0,0.0,0.0,0.0,0.0,0.0,0.0,0.0,0.0,0.0,32.3
44,Geoff Swaim,TEN,TE,23.2,216.0,1.8,0.1,0.0,0.0,0.0,0.0,0.0,0.0,0.0,0.0,0.0,0.0,0.0,0.0,0.0,0.0,0.0,0.0,0.0,0.0,32.2
45,Kyle Rudolph,NYG,TE,22.9,212.4,1.8,0.1,0.0,0.0,0.0,0.0,0.0,0.0,0.0,0.0,0.0,0.0,0.0,0.0,0.0,0.0,0.0,0.0,0.0,0.0,31.8
88,Javian Hawkins,ATL,RB,4.6,35.4,0.1,0.2,46.0,189.5,1.5,0.0,0.0,0.0,0.0,0.0,0.0,0.0,0.0,0.0,0.0,0.0,0.0,0.0,0.0,0.0,31.6
46,Cameron Brate,TB,TE,22.0,205.9,1.8,0.0,0.0,0.0,0.0,0.0,0.0,0.0,0.0,0.0,0.0,0.0,0.0,0.0,0.0,0.0,0.0,0.0,0.0,0.0,31.1
39,Taylor Heinicke,WAS,QB,0.0,0.0,0.0,0.2,5.7,22.7,0.1,65.8,41.2,464.0,2.9,0.6,0.0,0.0,0.0,0.0,0.0,0.0,0.0,0.0,0.0,0.0,31.1
47,Drew Sample,CIN,TE,24.5,231.8,1.4,0.6,0.0,0.0,0.0,0.0,0.0,0.0,0.0,0.0,0.0,0.0,0.0,0.0,0.0,0.0,0.0,0.0,0.0,0.0,30.5
48,James O'Shaughnessy,JAC,TE,24.2,238.5,1.0,0.1,0.0,0.0,0.0,0.0,0.0,0.0,0.0,0.0,0.0,0.0,0.0,0.0,0.0,0.0,0.0,0.0,0.0,0.0,29.8
40,Jacob Eason,IND,QB,0.0,0.0,0.0,0.5,7.2,31.0,0.4,62.6,39.3,435.8,2.8,1.8,0.0,0.0,0.0,0.0,0.0,0.0,0.0,0.0,0.0,0.0,29.7
49,Harrison Bryant,CLE,TE,19.4,206.8,1.9,1.1,0.0,0.0,0.0,0.0,0.0,0.0,0.0,0.0,0.0,0.0,0.0,0.0,0.0,0.0,0.0,0.0,0.0,0.0,29.7
89,Johnny Stanton,CLE,RB,9.0,71.0,1.0,0.0,20.0,100.0,1.0,0.0,0.0,0.0,0.0,0.0,0.0,0.0,0.0,0.0,0.0,0.0,0.0,0.0,0.0,0.0,29.1
123,Greg Ward,PHI,WR,22.1,220.4,1.2,0.2,0.0,0.0,0.0,0.0,0.0,0.0,0.0,0.0,0.0,0.0,0.0,0.0,0.0,0.0,0.0,0.0,0.0,0.0,28.9
50,Darren Fells,DET,TE,18.2,188.5,1.6,0.0,0.0,0.0,0.0,0.0,0.0,0.0,0.0,0.0,0.0,0.0,0.0,0.0,0.0,0.0,0.0,0.0,0.0,0.0,28.3
51,Foster Moreau,LV,TE,13.9,152.2,2.1,0.1,0.0,0.0,0.0,0.0,0.0,0.0,0.0,0.0,0.0,0.0,0.0,0.0,0.0,0.0,0.0,0.0,0.0,0.0,28.0
124,Olabisi Johnson,MIN,WR,16.8,199.1,1.3,0.0,0.0,0.0,0.0,0.0,0.0,0.0,0.0,0.0,0.0,0.0,0.0,0.0,0.0,0.0,0.0,0.0,0.0,0.0,27.5
125,N'Keal Harry,NE,WR,15.4,187.1,1.3,0.1,0.9,5.6,0.0,0.0,0.0,0.0,0.0,0.0,0.0,0.0,0.0,0.0,0.0,0.0,0.0,0.0,0.0,0.0,27.3
126,Devin Duvernay,BAL,WR,16.7,183.9,1.2,0.1,1.7,11.7,0.0,0.0,0.0,0.0,0.0,0.0,0.0,0.0,0.0,0.0,0.0,0.0,0.0,0.0,0.0,0.0,26.7
127,Dez Fitzpatrick,TEN,WR,15.4,200.3,1.0,0.1,0.0,0.0,0.0,0.0,0.0,0.0,0.0,0.0,0.0,0.0,0.0,0.0,0.0,0.0,0.0,0.0,0.0,0.0,25.9
52,Albert Okwuegbunam,DEN,TE,16.6,174.2,1.4,0.1,0.0,0.0,0.0,0.0,0.0,0.0,0.0,0.0,0.0,0.0,0.0,0.0,0.0,0.0,0.0,0.0,0.0,0.0,25.6
90,Jalen Richard,LV,RB,17.2,134.0,0.6,0.1,17.3,75.5,0.2,0.0,0.0,0.0,0.0,0.0,0.0,0.0,0.0,0.0,0.0,0.0,0.0,0.0,0.0,0.0,25.5
53,Adam Shaheen,MIA,TE,16.6,164.4,1.9,1.0,0.0,0.0,0.0,0.0,0.0,0.0,0.0,0.0,0.0,0.0,0.0,0.0,0.0,0.0,0.0,0.0,0.0,0.0,25.5
91,Larry Rountree III,LAC,RB,4.6,34.9,0.2,0.1,32.7,137.7,1.3,0.0,0.0,0.0,0.0,0.0,0.0,0.0,0.0,0.0,0.0,0.0,0.0,0.0,0.0,0.0,25.5
54,Ryan Izzo,HOU,TE,12.4,209.9,1.0,1.0,0.0,0.0,0.0,0.0,0.0,0.0,0.0,0.0,0.0,0.0,0.0,0.0,0.0,0.0,0.0,0.0,0.0,0.0,25.0
55,Pat Freiermuth,PIT,TE,19.8,179.5,1.3,0.5,0.0,0.0,0.0,0.0,0.0,0.0,0.0,0.0,0.0,0.0,0.0,0.0,0.0,0.0,0.0,0.0,0.0,0.0,24.9
92,Jermar Jefferson,DET,RB,9.4,69.9,0.1,0.1,29.9,122.3,0.9,0.0,0.0,0.0,0.0,0.0,0.0,0.0,0.0,0.0,0.0,0.0,0.0,0.0,0.0,0.0,24.7
93,La'Mical Perine,NYJ,RB,4.3,31.4,0.2,0.2,34.5,145.5,1.0,0.0,0.0,0.0,0.0,0.0,0.0,0.0,0.0,0.0,0.0,0.0,0.0,0.0,0.0,0.0,24.3
56,Hunter Long,MIA,TE,19.1,176.3,1.3,0.5,0.0,0.0,0.0,0.0,0.0,0.0,0.0,0.0,0.0,0.0,0.0,0.0,0.0,0.0,0.0,0.0,0.0,0.0,24.1
94,Raymond Calais,LAR,RB,4.6,35.5,0.2,0.1,29.1,122.5,1.1,0.0,0.0,0.0,0.0,0.0,0.0,0.0,0.0,0.0,0.0,0.0,0.0,0.0,0.0,0.0,23.7
95,Elijah Mitchell,SF,RB,5.8,52.4,0.2,0.1,26.9,124.8,0.8,0.0,0.0,0.0,0.0,0.0,0.0,0.0,0.0,0.0,0.0,0.0,0.0,0.0,0.0,0.0,23.5
57,Ian Thomas,CAR,TE,18.0,159.2,1.3,0.0,0.0,0.0,0.0,0.0,0.0,0.0,0.0,0.0,0.0,0.0,0.0,0.0,0.0,0.0,0.0,0.0,0.0,0.0,23.5
128,Collin Johnson,JAC,WR,15.6,190.0,0.7,0.1,0.0,0.0,0.0,0.0,0.0,0.0,0.0,0.0,0.0,0.0,0.0,0.0,0.0,0.0,0.0,0.0,0.0,0.0,23.2
129,David Moore,CAR,WR,11.6,160.8,1.0,0.1,1.2,7.8,0.0,0.0,0.0,0.0,0.0,0.0,0.0,0.0,0.0,0.0,0.0,0.0,0.0,0.0,0.0,0.0,22.7
58,Kahale Warring,HOU,TE,15.9,164.2,1.0,0.1,0.0,0.0,0.0,0.0,0.0,0.0,0.0,0.0,0.0,0.0,0.0,0.0,0.0,0.0,0.0,0.0,0.0,0.0,22.5
130,Phillip Dorsett II,JAC,WR,13.4,161.9,1.0,0.0,0.0,0.0,0.0,0.0,0.0,0.0,0.0,0.0,0.0,0.0,0.0,0.0,0.0,0.0,0.0,0.0,0.0,0.0,22.1
59,Ryan Griffin,NYJ,TE,14.2,138.0,1.4,0.0,0.0,0.0,0.0,0.0,0.0,0.0,0.0,0.0,0.0,0.0,0.0,0.0,0.0,0.0,0.0,0.0,0.0,0.0,22.0
131,Willie Snead IV,LV,WR,14.5,167.3,0.9,0.1,0.0,0.0,0.0,0.0,0.0,0.0,0.0,0.0,0.0,0.0,0.0,0.0,0.0,0.0,0.0,0.0,0.0,0.0,21.9
96,Jaylen Samuels,PIT,RB,7.9,52.4,0.3,0.1,26.2,110.1,0.6,0.0,0.0,0.0,0.0,0.0,0.0,0.0,0.0,0.0,0.0,0.0,0.0,0.0,0.0,0.0,21.8
132,Freddie Swain,SEA,WR,12.4,155.9,1.0,0.1,0.0,0.0,0.0,0.0,0.0,0.0,0.0,0.0,0.0,0.0,0.0,0.0,0.0,0.0,0.0,0.0,0.0,0.0,21.7
60,Marcedes Lewis,GB,TE,11.9,128.7,1.4,0.0,0.0,0.0,0.0,0.0,0.0,0.0,0.0,0.0,0.0,0.0,0.0,0.0,0.0,0.0,0.0,0.0,0.0,0.0,21.5
61,Jacob Harris,LAR,TE,12.7,158.5,0.9,0.0,0.0,0.0,0.0,0.0,0.0,0.0,0.0,0.0,0.0,0.0,0.0,0.0,0.0,0.0,0.0,0.0,0.0,0.0,21.3
62,Chris Manhertz,JAC,TE,15.5,153.1,1.0,0.0,0.0,0.0,0.0,0.0,0.0,0.0,0.0,0.0,0.0,0.0,0.0,0.0,0.0,0.0,0.0,0.0,0.0,0.0,21.0
63,Pharaoh Brown,HOU,TE,13.4,144.6,1.1,0.0,0.0,0.0,0.0,0.0,0.0,0.0,0.0,0.0,0.0,0.0,0.0,0.0,0.0,0.0,0.0,0.0,0.0,0.0,20.9
64,Noah Gray,KC,TE,14.4,147.1,1.1,0.5,0.0,0.0,0.0,0.0,0.0,0.0,0.0,0.0,0.0,0.0,0.0,0.0,0.0,0.0,0.0,0.0,0.0,0.0,20.4
65,Matt Sokol,LAC,TE,13.0,141.0,1.0,0.0,0.0,0.0,0.0,0.0,0.0,0.0,0.0,0.0,0.0,0.0,0.0,0.0,0.0,0.0,0.0,0.0,0.0,0.0,20.1
66,Reggie Gilliam,BUF,TE,11.0,78.0,2.0,0.0,0.0,0.0,0.0,0.0,0.0,0.0,0.0,0.0,0.0,0.0,0.0,0.0,0.0,0.0,0.0,0.0,0.0,0.0,19.8
67,Darrell Daniels,ARI,TE,12.7,136.1,1.0,0.1,0.0,0.0,0.0,0.0,0.0,0.0,0.0,0.0,0.0,0.0,0.0,0.0,0.0,0.0,0.0,0.0,0.0,0.0,19.5
68,Tyler Kroft,NYJ,TE,11.0,111.3,1.4,0.0,0.0,0.0,0.0,0.0,0.0,0.0,0.0,0.0,0.0,0.0,0.0,0.0,0.0,0.0,0.0,0.0,0.0,0.0,19.4
70,Jace Sternberger,GB,TE,11.8,114.5,1.3,0.0,0.0,0.0,0.0,0.0,0.0,0.0,0.0,0.0,0.0,0.0,0.0,0.0,0.0,0.0,0.0,0.0,0.0,0.0,19.0
69,Kyle Markway,LAR,TE,13.0,130.0,1.0,0.0,0.0,0.0,0.0,0.0,0.0,0.0,0.0,0.0,0.0,0.0,0.0,0.0,0.0,0.0,0.0,0.0,0.0,0.0,19.0
97,Anthony McFarland Jr.,PIT,RB,5.7,45.2,0.1,0.6,30.1,115.3,0.5,0.0,0.0,0.0,0.0,0.0,0.0,0.0,0.0,0.0,0.0,0.0,0.0,0.0,0.0,0.0,18.6
71,Nick Vannett,NO,TE,11.8,126.3,1.0,0.1,0.0,0.0,0.0,0.0,0.0,0.0,0.0,0.0,0.0,0.0,0.0,0.0,0.0,0.0,0.0,0.0,0.0,0.0,18.3
133,Lynn Bowden Jr.,MIA,WR,11.6,106.9,0.3,0.1,10.2,49.2,0.2,0.0,0.0,0.0,0.0,0.0,0.0,0.0,0.0,0.0,0.0,0.0,0.0,0.0,0.0,0.0,18.3
72,Thaddeus Moss,CIN,TE,13.0,122.0,1.0,0.0,0.0,0.0,0.0,0.0,0.0,0.0,0.0,0.0,0.0,0.0,0.0,0.0,0.0,0.0,0.0,0.0,0.0,0.0,18.2
98,Jerick McKinnon,KC,RB,6.9,49.6,0.2,0.1,21.4,94.7,0.4,0.0,0.0,0.0,0.0,0.0,0.0,0.0,0.0,0.0,0.0,0.0,0.0,0.0,0.0,0.0,18.2
134,KeeSean Johnson,ARI,WR,10.7,122.0,1.0,0.0,0.0,0.0,0.0,0.0,0.0,0.0,0.0,0.0,0.0,0.0,0.0,0.0,0.0,0.0,0.0,0.0,0.0,0.0,18.1
135,Cam Sims,WAS,WR,10.5,140.9,0.7,0.0,0.0,0.0,0.0,0.0,0.0,0.0,0.0,0.0,0.0,0.0,0.0,0.0,0.0,0.0,0.0,0.0,0.0,0.0,18.0
73,Carson Meier,MIA,TE,13.0,119.0,1.0,0.0,0.0,0.0,0.0,0.0,0.0,0.0,0.0,0.0,0.0,0.0,0.0,0.0,0.0,0.0,0.0,0.0,0.0,0.0,17.9
41,James Morgan,NYJ,QB,0.0,0.0,0.0,0.3,1.9,8.3,0.1,47.2,28.7,329.2,1.7,1.3,0.0,0.0,0.0,0.0,0.0,0.0,0.0,0.0,0.0,0.0,17.9
136,Marquise Goodwin,CHI,WR,12.4,137.0,0.7,0.0,0.0,0.0,0.0,0.0,0.0,0.0,0.0,0.0,0.0,0.0,0.0,0.0,0.0,0.0,0.0,0.0,0.0,0.0,17.7
138,Ray-Ray McCloud,PIT,WR,11.5,114.0,0.7,0.2,3.0,18.8,0.1,0.0,0.0,0.0,0.0,0.0,0.0,0.0,0.0,0.0,0.0,0.0,0.0,0.0,0.0,0.0,17.4
137,Christian Blake,ATL,WR,12.5,146.0,0.5,0.1,0.0,0.0,0.0,0.0,0.0,0.0,0.0,0.0,0.0,0.0,0.0,0.0,0.0,0.0,0.0,0.0,0.0,0.0,17.4
139,Anthony Schwartz,CLE,WR,10.1,124.2,0.8,0.1,0.0,0.0,0.0,0.0,0.0,0.0,0.0,0.0,0.0,0.0,0.0,0.0,0.0,0.0,0.0,0.0,0.0,0.0,17.3
74,Hunter Bryant,DET,TE,10.4,122.8,0.8,0.0,0.0,0.0,0.0,0.0,0.0,0.0,0.0,0.0,0.0,0.0,0.0,0.0,0.0,0.0,0.0,0.0,0.0,0.0,17.2
75,Ross Dwelley,SF,TE,11.6,120.0,0.9,0.0,0.0,0.0,0.0,0.0,0.0,0.0,0.0,0.0,0.0,0.0,0.0,0.0,0.0,0.0,0.0,0.0,0.0,0.0,17.1
76,Devin Asiasi,NE,TE,10.4,117.1,1.1,0.5,0.0,0.0,0.0,0.0,0.0,0.0,0.0,0.0,0.0,0.0,0.0,0.0,0.0,0.0,0.0,0.0,0.0,0.0,17.1
77,Brycen Hopkins,LAR,TE,12.5,128.0,0.7,0.1,0.0,0.0,0.0,0.0,0.0,0.0,0.0,0.0,0.0,0.0,0.0,0.0,0.0,0.0,0.0,0.0,0.0,0.0,16.9
99,Kerryon Johnson,PHI,RB,3.7,29.6,0.1,0.3,26.1,102.2,0.6,0.0,0.0,0.0,0.0,0.0,0.0,0.0,0.0,0.0,0.0,0.0,0.0,0.0,0.0,0.0,16.9
100,Ameer Abdullah,MIN,RB,7.8,55.7,0.4,0.1,17.8,78.6,0.2,0.0,0.0,0.0,0.0,0.0,0.0,0.0,0.0,0.0,0.0,0.0,0.0,0.0,0.0,0.0,16.8
78,Durham Smythe,MIA,TE,13.1,108.1,1.0,0.0,0.0,0.0,0.0,0.0,0.0,0.0,0.0,0.0,0.0,0.0,0.0,0.0,0.0,0.0,0.0,0.0,0.0,0.0,16.4
140,Miles Boykin,BAL,WR,8.8,118.9,0.7,0.1,0.8,4.9,0.0,0.0,0.0,0.0,0.0,0.0,0.0,0.0,0.0,0.0,0.0,0.0,0.0,0.0,0.0,0.0,16.4
101,Jeremy McNichols,TEN,RB,4.7,31.5,0.1,0.1,21.8,96.9,0.5,0.0,0.0,0.0,0.0,0.0,0.0,0.0,0.0,0.0,0.0,0.0,0.0,0.0,0.0,0.0,16.3
141,Jalen Hurd,SF,WR,7.1,90.9,0.6,0.1,4.7,28.9,0.2,0.0,0.0,0.0,0.0,0.0,0.0,0.0,0.0,0.0,0.0,0.0,0.0,0.0,0.0,0.0,16.3
42,Kyle Trask,TB,QB,0.0,0.0,0.0,0.2,1.3,5.0,0.0,34.6,21.3,247.4,1.8,0.7,0.0,0.0,0.0,0.0,0.0,0.0,0.0,0.0,0.0,0.0,16.2
102,Eno Benjamin,ARI,RB,3.4,27.1,0.1,0.1,22.8,97.5,0.6,0.0,0.0,0.0,0.0,0.0,0.0,0.0,0.0,0.0,0.0,0.0,0.0,0.0,0.0,0.0,16.2
79,Derek Carrier,LV,TE,10.0,92.3,1.2,0.0,0.0,0.0,0.0,0.0,0.0,0.0,0.0,0.0,0.0,0.0,0.0,0.0,0.0,0.0,0.0,0.0,0.0,0.0,16.1
142,Javon Wims,CHI,WR,10.3,129.1,0.5,0.0,0.0,0.0,0.0,0.0,0.0,0.0,0.0,0.0,0.0,0.0,0.0,0.0,0.0,0.0,0.0,0.0,0.0,0.0,16.1
103,Justice Hill,BAL,RB,4.3,30.9,0.1,0.1,19.1,87.8,0.6,0.0,0.0,0.0,0.0,0.0,0.0,0.0,0.0,0.0,0.0,0.0,0.0,0.0,0.0,0.0,16.0
143,Donovan Peoples-Jones,CLE,WR,9.9,124.3,0.6,0.0,0.0,0.0,0.0,0.0,0.0,0.0,0.0,0.0,0.0,0.0,0.0,0.0,0.0,0.0,0.0,0.0,0.0,0.0,15.9
80,Stephen Carlson,CLE,TE,8.1,88.5,1.1,0.0,0.0,0.0,0.0,0.0,0.0,0.0,0.0,0.0,0.0,0.0,0.0,0.0,0.0,0.0,0.0,0.0,0.0,0.0,15.5
104,Travis Homer,SEA,RB,6.0,43.8,0.2,0.2,17.8,75.2,0.4,0.0,0.0,0.0,0.0,0.0,0.0,0.0,0.0,0.0,0.0,0.0,0.0,0.0,0.0,0.0,15.2
105,Royce Freeman,DEN,RB,3.8,24.3,0.1,0.0,20.5,87.6,0.6,0.0,0.0,0.0,0.0,0.0,0.0,0.0,0.0,0.0,0.0,0.0,0.0,0.0,0.0,0.0,15.1
81,Jordan Thomas,IND,TE,8.3,75.5,1.3,0.0,0.0,0.0,0.0,0.0,0.0,0.0,0.0,0.0,0.0,0.0,0.0,0.0,0.0,0.0,0.0,0.0,0.0,0.0,15.1
106,Josh Adams,NYJ,RB,0.9,5.5,0.0,0.0,16.6,78.5,1.1,0.0,0.0,0.0,0.0,0.0,0.0,0.0,0.0,0.0,0.0,0.0,0.0,0.0,0.0,0.0,14.9
82,Brevin Jordan,HOU,TE,10.4,111.2,0.6,0.0,0.0,0.0,0.0,0.0,0.0,0.0,0.0,0.0,0.0,0.0,0.0,0.0,0.0,0.0,0.0,0.0,0.0,0.0,14.8
144,Tyler Johnson,TB,WR,8.1,102.9,0.8,0.0,0.0,0.0,0.0,0.0,0.0,0.0,0.0,0.0,0.0,0.0,0.0,0.0,0.0,0.0,0.0,0.0,0.0,0.0,14.7
145,Jamal Agnew,JAC,WR,6.8,76.0,0.4,0.1,6.2,33.8,0.2,0.0,0.0,0.0,0.0,0.0,0.0,0.0,0.0,0.0,0.0,0.0,0.0,0.0,0.0,0.0,14.7
146,Juwan Johnson,NO,WR,9.4,124.4,0.4,0.1,0.0,0.0,0.0,0.0,0.0,0.0,0.0,0.0,0.0,0.0,0.0,0.0,0.0,0.0,0.0,0.0,0.0,0.0,14.5
147,Jeff Smith,NYJ,WR,9.6,107.2,0.6,0.0,0.0,0.0,0.0,0.0,0.0,0.0,0.0,0.0,0.0,0.0,0.0,0.0,0.0,0.0,0.0,0.0,0.0,0.0,14.4
107,Dexter Williams,GB,RB,6.6,49.2,0.3,0.1,12.7,54.2,0.4,0.0,0.0,0.0,0.0,0.0,0.0,0.0,0.0,0.0,0.0,0.0,0.0,0.0,0.0,0.0,14.4
148,Cedrick Wilson,DAL,WR,8.4,110.0,0.6,0.1,0.0,0.0,0.0,0.0,0.0,0.0,0.0,0.0,0.0,0.0,0.0,0.0,0.0,0.0,0.0,0.0,0.0,0.0,14.3
43,Jacoby Brissett,MIA,QB,0.0,0.0,0.0,0.3,4.3,14.1,0.2,32.0,20.0,227.9,1.1,0.5,0.0,0.0,0.0,0.0,0.0,0.0,0.0,0.0,0.0,0.0,14.3
83,Josiah Deguara,GB,TE,9.3,96.1,0.9,0.5,0.0,0.0,0.0,0.0,0.0,0.0,0.0,0.0,0.0,0.0,0.0,0.0,0.0,0.0,0.0,0.0,0.0,0.0,14.1
108,Dontrell Hilliard,HOU,RB,4.9,36.2,0.0,0.0,12.3,44.5,1.0,0.0,0.0,0.0,0.0,0.0,0.0,0.0,0.0,0.0,0.0,0.0,0.0,0.0,0.0,0.0,14.1
149,Dede Westbrook,MIN,WR,8.6,92.1,0.7,0.0,0.7,3.6,0.0,0.0,0.0,0.0,0.0,0.0,0.0,0.0,0.0,0.0,0.0,0.0,0.0,0.0,0.0,0.0,13.8
109,Lamar Miller,WAS,RB,3.1,25.4,0.1,0.0,14.9,62.1,0.8,0.0,0.0,0.0,0.0,0.0,0.0,0.0,0.0,0.0,0.0,0.0,0.0,0.0,0.0,0.0,13.8
110,Tony Brooks-James,ATL,RB,1.4,11.1,0.0,0.0,24.0,102.2,0.4,0.0,0.0,0.0,0.0,0.0,0.0,0.0,0.0,0.0,0.0,0.0,0.0,0.0,0.0,0.0,13.8
150,Alex Erickson,HOU,WR,9.4,108.0,0.5,0.1,0.0,0.0,0.0,0.0,0.0,0.0,0.0,0.0,0.0,0.0,0.0,0.0,0.0,0.0,0.0,0.0,0.0,0.0,13.7
84,Blake Bell,KC,TE,10.0,94.8,0.7,0.0,0.0,0.0,0.0,0.0,0.0,0.0,0.0,0.0,0.0,0.0,0.0,0.0,0.0,0.0,0.0,0.0,0.0,0.0,13.7
151,Cameron Batson,TEN,WR,7.2,80.1,0.6,0.1,2.5,14.9,0.1,0.0,0.0,0.0,0.0,0.0,0.0,0.0,0.0,0.0,0.0,0.0,0.0,0.0,0.0,0.0,13.5
85,Luke Farrell,JAC,TE,12.0,110.7,0.6,0.5,0.0,0.0,0.0,0.0,0.0,0.0,0.0,0.0,0.0,0.0,0.0,0.0,0.0,0.0,0.0,0.0,0.0,0.0,13.4
44,Mason Rudolph,PIT,QB,0.0,0.0,0.0,0.1,2.7,9.0,0.1,32.8,20.1,221.9,1.3,0.8,0.0,0.0,0.0,0.0,0.0,0.0,0.0,0.0,0.0,0.0,13.4
111,JaMycal Hasty,SF,RB,2.2,15.2,0.1,0.0,16.6,84.2,0.5,0.0,0.0,0.0,0.0,0.0,0.0,0.0,0.0,0.0,0.0,0.0,0.0,0.0,0.0,0.0,13.3
152,Chad Beebe,MIN,WR,7.9,96.6,0.6,0.1,0.0,0.0,0.0,0.0,0.0,0.0,0.0,0.0,0.0,0.0,0.0,0.0,0.0,0.0,0.0,0.0,0.0,0.0,13.3
45,Phillip Walker,CAR,QB,0.0,0.0,0.0,0.5,2.0,6.1,0.1,39.5,25.0,287.8,0.9,1.0,0.0,0.0,0.0,0.0,0.0,0.0,0.0,0.0,0.0,0.0,13.3
153,Andre Roberts,HOU,WR,7.8,101.4,0.5,0.0,0.0,0.0,0.0,0.0,0.0,0.0,0.0,0.0,0.0,0.0,0.0,0.0,0.0,0.0,0.0,0.0,0.0,0.0,13.1
112,Ty Montgomery,NO,RB,7.0,55.6,0.3,0.1,14.3,53.9,0.1,0.0,0.0,0.0,0.0,0.0,0.0,0.0,0.0,0.0,0.0,0.0,0.0,0.0,0.0,0.0,12.9
114,Jordan Howard,PHI,RB,0.4,4.6,0.0,0.0,14.9,64.4,1.0,0.0,0.0,0.0,0.0,0.0,0.0,0.0,0.0,0.0,0.0,0.0,0.0,0.0,0.0,0.0,12.9
113,D'Ernest Johnson,CLE,RB,3.6,27.4,0.1,0.2,18.2,77.9,0.4,0.0,0.0,0.0,0.0,0.0,0.0,0.0,0.0,0.0,0.0,0.0,0.0,0.0,0.0,0.0,12.9
154,Mike Thomas,CIN,WR,7.5,94.0,0.6,0.1,0.0,0.0,0.0,0.0,0.0,0.0,0.0,0.0,0.0,0.0,0.0,0.0,0.0,0.0,0.0,0.0,0.0,0.0,12.7
155,Chris Moore,HOU,WR,8.3,94.2,0.6,0.0,0.0,0.0,0.0,0.0,0.0,0.0,0.0,0.0,0.0,0.0,0.0,0.0,0.0,0.0,0.0,0.0,0.0,0.0,12.7
156,Noah Brown,DAL,WR,7.5,92.3,0.6,0.1,0.0,0.0,0.0,0.0,0.0,0.0,0.0,0.0,0.0,0.0,0.0,0.0,0.0,0.0,0.0,0.0,0.0,0.0,12.4
115,Trey Edmunds,PIT,RB,3.9,25.8,0.2,0.0,14.8,64.0,0.4,0.0,0.0,0.0,0.0,0.0,0.0,0.0,0.0,0.0,0.0,0.0,0.0,0.0,0.0,0.0,12.3
157,Equanimeous St. Brown,GB,WR,6.5,87.7,0.6,0.0,0.0,0.0,0.0,0.0,0.0,0.0,0.0,0.0,0.0,0.0,0.0,0.0,0.0,0.0,0.0,0.0,0.0,0.0,12.3
158,Andy Isabella,ARI,WR,7.3,91.7,0.5,0.0,0.0,0.0,0.0,0.0,0.0,0.0,0.0,0.0,0.0,0.0,0.0,0.0,0.0,0.0,0.0,0.0,0.0,0.0,12.1
159,Frank Darby,ATL,WR,7.3,92.3,0.5,0.0,0.0,0.0,0.0,0.0,0.0,0.0,0.0,0.0,0.0,0.0,0.0,0.0,0.0,0.0,0.0,0.0,0.0,0.0,11.9
116,Reggie Bonnafon,CAR,RB,2.8,21.4,0.0,0.0,16.2,73.9,0.4,0.0,0.0,0.0,0.0,0.0,0.0,0.0,0.0,0.0,0.0,0.0,0.0,0.0,0.0,0.0,11.8
160,Devin Funchess,GB,WR,6.1,78.4,0.7,0.0,0.0,0.0,0.0,0.0,0.0,0.0,0.0,0.0,0.0,0.0,0.0,0.0,0.0,0.0,0.0,0.0,0.0,0.0,11.7
161,Penny Hart,SEA,WR,6.7,78.4,0.6,0.0,0.7,3.3,0.0,0.0,0.0,0.0,0.0,0.0,0.0,0.0,0.0,0.0,0.0,0.0,0.0,0.0,0.0,0.0,11.6
117,Jordan Wilkins,IND,RB,1.7,12.3,0.1,0.0,14.7,72.9,0.4,0.0,0.0,0.0,0.0,0.0,0.0,0.0,0.0,0.0,0.0,0.0,0.0,0.0,0.0,0.0,11.6
118,Ke'Shawn Vaughn,TB,RB,2.4,16.5,0.1,0.0,14.9,63.5,0.5,0.0,0.0,0.0,0.0,0.0,0.0,0.0,0.0,0.0,0.0,0.0,0.0,0.0,0.0,0.0,11.5
86,John Bates,WAS,TE,9.5,88.2,0.6,0.5,0.0,0.0,0.0,0.0,0.0,0.0,0.0,0.0,0.0,0.0,0.0,0.0,0.0,0.0,0.0,0.0,0.0,0.0,11.2
119,Kene Nwangwu,MIN,RB,3.0,21.0,0.0,0.0,23.0,91.0,0.0,0.0,0.0,0.0,0.0,0.0,0.0,0.0,0.0,0.0,0.0,0.0,0.0,0.0,0.0,0.0,11.2
46,Tim Boyle,DET,QB,0.0,0.0,0.0,0.0,2.7,3.3,0.0,26.3,16.3,181.3,1.0,0.3,0.0,0.0,0.0,0.0,0.0,0.0,0.0,0.0,0.0,0.0,10.9
47,Kellen Mond,MIN,QB,0.0,0.0,0.0,0.1,1.7,7.8,0.1,20.9,13.3,153.2,1.1,0.4,0.0,0.0,0.0,0.0,0.0,0.0,0.0,0.0,0.0,0.0,10.8
87,Tommy Sweeney,BUF,TE,6.0,75.6,0.5,0.0,0.0,0.0,0.0,0.0,0.0,0.0,0.0,0.0,0.0,0.0,0.0,0.0,0.0,0.0,0.0,0.0,0.0,0.0,10.7
162,Nick Westbrook-Ikhine,TEN,WR,5.8,77.2,0.5,0.0,0.0,0.0,0.0,0.0,0.0,0.0,0.0,0.0,0.0,0.0,0.0,0.0,0.0,0.0,0.0,0.0,0.0,0.0,10.6
163,DaeSean Hamilton,DEN,WR,7.3,75.2,0.5,0.0,0.0,0.0,0.0,0.0,0.0,0.0,0.0,0.0,0.0,0.0,0.0,0.0,0.0,0.0,0.0,0.0,0.0,0.0,10.4
120,Gary Brightwell,NYG,RB,2.6,18.9,0.0,0.1,16.2,69.5,0.3,0.0,0.0,0.0,0.0,0.0,0.0,0.0,0.0,0.0,0.0,0.0,0.0,0.0,0.0,0.0,10.4
88,J.P. Holtz,CHI,TE,5.9,73.2,0.5,0.0,0.0,0.0,0.0,0.0,0.0,0.0,0.0,0.0,0.0,0.0,0.0,0.0,0.0,0.0,0.0,0.0,0.0,0.0,10.3
89,Noah Togiai,IND,TE,6.6,67.9,0.5,0.0,0.0,0.0,0.0,0.0,0.0,0.0,0.0,0.0,0.0,0.0,0.0,0.0,0.0,0.0,0.0,0.0,0.0,0.0,10.0
90,Stephen Anderson,LAC,TE,5.9,73.2,0.4,0.0,0.0,0.0,0.0,0.0,0.0,0.0,0.0,0.0,0.0,0.0,0.0,0.0,0.0,0.0,0.0,0.0,0.0,0.0,10.0
91,Tommy Tremble,CAR,TE,8.6,85.3,0.4,0.5,0.0,0.0,0.0,0.0,0.0,0.0,0.0,0.0,0.0,0.0,0.0,0.0,0.0,0.0,0.0,0.0,0.0,0.0,9.9
164,Chris Hogan,NO,WR,5.4,73.2,0.4,0.0,0.0,0.0,0.0,0.0,0.0,0.0,0.0,0.0,0.0,0.0,0.0,0.0,0.0,0.0,0.0,0.0,0.0,0.0,9.9
48,Gardner Minshew II,JAC,QB,0.0,0.0,0.0,0.6,2.4,11.9,0.0,22.9,15.1,160.0,1.1,0.5,0.0,0.0,0.0,0.0,0.0,0.0,0.0,0.0,0.0,0.0,9.8
121,Alec Ingold,LV,RB,6.6,54.7,0.3,0.1,4.5,18.8,0.2,0.0,0.0,0.0,0.0,0.0,0.0,0.0,0.0,0.0,0.0,0.0,0.0,0.0,0.0,0.0,9.8
92,Colby Parkinson,SEA,TE,5.9,61.3,0.6,0.1,0.0,0.0,0.0,0.0,0.0,0.0,0.0,0.0,0.0,0.0,0.0,0.0,0.0,0.0,0.0,0.0,0.0,0.0,9.8
93,Tre' McKitty,LAC,TE,7.0,75.3,0.4,0.0,0.0,0.0,0.0,0.0,0.0,0.0,0.0,0.0,0.0,0.0,0.0,0.0,0.0,0.0,0.0,0.0,0.0,0.0,9.8
94,Evan Baylis,KC,TE,6.5,67.5,0.5,0.0,0.0,0.0,0.0,0.0,0.0,0.0,0.0,0.0,0.0,0.0,0.0,0.0,0.0,0.0,0.0,0.0,0.0,0.0,9.8
165,Lil'Jordan Humphrey,NO,WR,5.4,71.7,0.4,0.0,0.0,0.0,0.0,0.0,0.0,0.0,0.0,0.0,0.0,0.0,0.0,0.0,0.0,0.0,0.0,0.0,0.0,0.0,9.7
122,Patrick Ricard,BAL,RB,8.8,58.1,0.8,0.5,0.9,1.4,0.0,0.0,0.0,0.0,0.0,0.0,0.0,0.0,0.0,0.0,0.0,0.0,0.0,0.0,0.0,0.0,9.7
123,Kylin Hill,GB,RB,1.5,11.0,0.0,0.0,20.0,80.6,0.1,0.0,0.0,0.0,0.0,0.0,0.0,0.0,0.0,0.0,0.0,0.0,0.0,0.0,0.0,0.0,9.7
49,Marcus Mariota,LV,QB,0.0,0.0,0.0,0.1,3.4,17.8,0.0,21.4,13.3,152.3,0.8,0.7,0.0,0.0,0.0,0.0,0.0,0.0,0.0,0.0,0.0,0.0,9.6
124,C.J. Ham,MIN,RB,5.9,50.0,0.3,0.1,4.7,19.9,0.2,0.0,0.0,0.0,0.0,0.0,0.0,0.0,0.0,0.0,0.0,0.0,0.0,0.0,0.0,0.0,9.6
50,Sam Ehlinger,IND,QB,0.0,0.0,0.0,0.0,1.0,4.0,0.0,18.0,12.0,128.0,1.0,0.0,0.0,0.0,0.0,0.0,0.0,0.0,0.0,0.0,0.0,0.0,9.5
95,Richard Rodgers,PHI,TE,5.0,66.4,0.5,0.0,0.0,0.0,0.0,0.0,0.0,0.0,0.0,0.0,0.0,0.0,0.0,0.0,0.0,0.0,0.0,0.0,0.0,0.0,9.4
96,Daniel Brown,NYJ,TE,5.4,63.2,0.5,0.0,0.0,0.0,0.0,0.0,0.0,0.0,0.0,0.0,0.0,0.0,0.0,0.0,0.0,0.0,0.0,0.0,0.0,0.0,9.4
51,Mitchell Trubisky,BUF,QB,0.0,0.0,0.0,0.1,3.6,15.2,0.1,18.3,12.1,134.9,0.9,0.7,0.0,0.0,0.0,0.0,0.0,0.0,0.0,0.0,0.0,0.0,9.3
166,John Ross,NYG,WR,4.3,56.4,0.5,0.1,0.7,3.9,0.0,0.0,0.0,0.0,0.0,0.0,0.0,0.0,0.0,0.0,0.0,0.0,0.0,0.0,0.0,0.0,9.2
97,Colin Thompson,CAR,TE,6.3,60.4,0.5,0.0,0.0,0.0,0.0,0.0,0.0,0.0,0.0,0.0,0.0,0.0,0.0,0.0,0.0,0.0,0.0,0.0,0.0,0.0,9.0
98,Jeremy Sprinkle,DAL,TE,6.1,62.4,0.5,0.0,0.0,0.0,0.0,0.0,0.0,0.0,0.0,0.0,0.0,0.0,0.0,0.0,0.0,0.0,0.0,0.0,0.0,0.0,9.0
99,Charlie Woerner,SF,TE,5.7,63.9,0.4,0.0,0.0,0.0,0.0,0.0,0.0,0.0,0.0,0.0,0.0,0.0,0.0,0.0,0.0,0.0,0.0,0.0,0.0,0.0,9.0
52,Chad Henne,KC,QB,0.0,0.0,0.0,0.1,1.3,5.8,0.0,21.3,13.3,153.0,0.7,0.2,0.0,0.0,0.0,0.0,0.0,0.0,0.0,0.0,0.0,0.0,9.0
167,Antonio Gandy-Golden,WAS,WR,4.9,64.8,0.4,0.0,0.0,0.0,0.0,0.0,0.0,0.0,0.0,0.0,0.0,0.0,0.0,0.0,0.0,0.0,0.0,0.0,0.0,0.0,8.7
125,Chris Evans,CIN,RB,2.3,17.0,0.1,0.1,14.9,57.3,0.1,0.0,0.0,0.0,0.0,0.0,0.0,0.0,0.0,0.0,0.0,0.0,0.0,0.0,0.0,0.0,8.6
100,Johnny Mundt,LAR,TE,5.3,57.0,0.5,0.0,0.0,0.0,0.0,0.0,0.0,0.0,0.0,0.0,0.0,0.0,0.0,0.0,0.0,0.0,0.0,0.0,0.0,0.0,8.5
101,Jaeden Graham,ATL,TE,5.3,65.8,0.3,0.0,0.0,0.0,0.0,0.0,0.0,0.0,0.0,0.0,0.0,0.0,0.0,0.0,0.0,0.0,0.0,0.0,0.0,0.0,8.5
53,Trace McSorley,BAL,QB,0.0,0.0,0.0,0.1,3.3,14.4,0.1,18.0,11.1,125.1,0.7,0.5,0.0,0.0,0.0,0.0,0.0,0.0,0.0,0.0,0.0,0.0,8.5
54,John Wolford,LAR,QB,0.0,0.0,0.0,0.1,1.8,9.1,0.0,21.9,13.7,151.0,0.6,0.4,0.0,0.0,0.0,0.0,0.0,0.0,0.0,0.0,0.0,0.0,8.3
55,Joe Flacco,PHI,QB,0.0,0.0,0.0,0.6,1.2,5.8,0.0,26.0,16.3,174.1,0.8,0.7,0.0,0.0,0.0,0.0,0.0,0.0,0.0,0.0,0.0,0.0,8.3
126,Theo Riddick,LV,RB,5.4,42.3,0.1,0.1,7.3,30.9,0.1,0.0,0.0,0.0,0.0,0.0,0.0,0.0,0.0,0.0,0.0,0.0,0.0,0.0,0.0,0.0,8.2
127,Demetric Felton,CLE,RB,1.9,15.3,0.1,0.0,9.3,39.4,0.4,0.0,0.0,0.0,0.0,0.0,0.0,0.0,0.0,0.0,0.0,0.0,0.0,0.0,0.0,0.0,8.1
168,Tajae Sharpe,ATL,WR,4.6,58.6,0.4,0.0,0.0,0.0,0.0,0.0,0.0,0.0,0.0,0.0,0.0,0.0,0.0,0.0,0.0,0.0,0.0,0.0,0.0,0.0,8.0
56,Garrett Gilbert,DAL,QB,0.0,0.0,0.0,0.1,1.5,6.2,0.0,20.2,12.6,142.9,0.6,0.4,0.0,0.0,0.0,0.0,0.0,0.0,0.0,0.0,0.0,0.0,7.9
57,Geno Smith,SEA,QB,0.0,0.0,0.0,0.2,1.3,2.5,0.0,17.4,11.0,122.0,0.9,0.3,0.0,0.0,0.0,0.0,0.0,0.0,0.0,0.0,0.0,0.0,7.7
58,Brandon Allen,CIN,QB,0.0,0.0,0.0,0.1,1.3,5.1,0.0,20.9,13.2,144.1,0.6,0.5,0.0,0.0,0.0,0.0,0.0,0.0,0.0,0.0,0.0,0.0,7.6
102,Levine Toilolo,NYG,TE,5.4,46.2,0.5,0.0,0.0,0.0,0.0,0.0,0.0,0.0,0.0,0.0,0.0,0.0,0.0,0.0,0.0,0.0,0.0,0.0,0.0,0.0,7.6
128,Alex Armah,NO,RB,4.5,36.2,0.2,0.1,4.4,18.6,0.2,0.0,0.0,0.0,0.0,0.0,0.0,0.0,0.0,0.0,0.0,0.0,0.0,0.0,0.0,0.0,7.6
169,Victor Bolden Jr.,DET,WR,5.3,56.2,0.3,0.0,0.0,0.0,0.0,0.0,0.0,0.0,0.0,0.0,0.0,0.0,0.0,0.0,0.0,0.0,0.0,0.0,0.0,0.0,7.5
170,Steven Sims Jr.,WAS,WR,4.0,48.4,0.3,0.0,1.1,7.0,0.0,0.0,0.0,0.0,0.0,0.0,0.0,0.0,0.0,0.0,0.0,0.0,0.0,0.0,0.0,0.0,7.5
171,Albert Wilson,MIA,WR,4.6,46.0,0.3,0.0,1.6,8.8,0.0,0.0,0.0,0.0,0.0,0.0,0.0,0.0,0.0,0.0,0.0,0.0,0.0,0.0,0.0,0.0,7.4
103,Ben Ellefson,JAC,TE,5.0,53.5,0.4,0.0,0.0,0.0,0.0,0.0,0.0,0.0,0.0,0.0,0.0,0.0,0.0,0.0,0.0,0.0,0.0,0.0,0.0,0.0,7.4
59,Jordan Love,GB,QB,0.0,0.0,0.0,0.1,0.7,3.1,0.0,15.6,9.6,108.7,0.9,0.3,0.0,0.0,0.0,0.0,0.0,0.0,0.0,0.0,0.0,0.0,7.3
172,Kalif Raymond,DET,WR,4.9,64.9,0.1,0.0,0.0,0.0,0.0,0.0,0.0,0.0,0.0,0.0,0.0,0.0,0.0,0.0,0.0,0.0,0.0,0.0,0.0,0.0,7.3
173,Riley Ridley,CHI,WR,4.5,53.3,0.3,0.0,0.0,0.0,0.0,0.0,0.0,0.0,0.0,0.0,0.0,0.0,0.0,0.0,0.0,0.0,0.0,0.0,0.0,0.0,7.3
62,David Blough,DET,QB,0.0,0.0,0.0,0.1,1.7,6.6,0.0,18.6,11.3,125.2,0.7,0.6,0.0,0.0,0.0,0.0,0.0,0.0,0.0,0.0,0.0,0.0,7.2
61,Ian Book,NO,QB,0.0,0.0,0.0,0.0,1.0,4.0,0.0,17.0,12.0,120.0,1.0,1.0,0.0,0.0,0.0,0.0,0.0,0.0,0.0,0.0,0.0,0.0,7.2
60,Chase Daniel,LAC,QB,0.0,0.0,0.0,0.1,1.5,5.8,0.0,18.5,11.6,132.1,0.6,0.5,0.0,0.0,0.0,0.0,0.0,0.0,0.0,0.0,0.0,0.0,7.2
174,Diontae Spencer,DEN,WR,3.6,40.0,0.2,0.0,2.4,13.6,0.1,0.0,0.0,0.0,0.0,0.0,0.0,0.0,0.0,0.0,0.0,0.0,0.0,0.0,0.0,0.0,7.1
131,Andrew Beck,DEN,RB,4.1,28.1,0.2,0.0,4.9,21.2,0.2,0.0,0.0,0.0,0.0,0.0,0.0,0.0,0.0,0.0,0.0,0.0,0.0,0.0,0.0,0.0,7.0
130,Rico Dowdle,DAL,RB,2.9,22.6,0.1,0.1,6.9,29.2,0.2,0.0,0.0,0.0,0.0,0.0,0.0,0.0,0.0,0.0,0.0,0.0,0.0,0.0,0.0,0.0,7.0
129,Gerrid Doaks,MIA,RB,2.2,16.4,0.1,0.0,8.1,33.9,0.3,0.0,0.0,0.0,0.0,0.0,0.0,0.0,0.0,0.0,0.0,0.0,0.0,0.0,0.0,0.0,7.0
132,Khalil Herbert,CHI,RB,2.0,16.3,0.1,0.0,8.3,34.5,0.2,0.0,0.0,0.0,0.0,0.0,0.0,0.0,0.0,0.0,0.0,0.0,0.0,0.0,0.0,0.0,6.9
175,Cornell Powell,KC,WR,3.8,48.7,0.3,0.0,0.0,0.0,0.0,0.0,0.0,0.0,0.0,0.0,0.0,0.0,0.0,0.0,0.0,0.0,0.0,0.0,0.0,0.0,6.8
63,Logan Woodside,TEN,QB,0.0,0.0,0.0,0.1,2.0,5.4,0.0,12.8,7.9,90.4,0.8,0.3,0.0,0.0,0.0,0.0,0.0,0.0,0.0,0.0,0.0,0.0,6.7
176,Malik Taylor,GB,WR,4.0,46.8,0.3,0.0,0.0,0.0,0.0,0.0,0.0,0.0,0.0,0.0,0.0,0.0,0.0,0.0,0.0,0.0,0.0,0.0,0.0,0.0,6.7
177,Isaiah Hodgins,BUF,WR,3.7,46.9,0.3,0.0,0.0,0.0,0.0,0.0,0.0,0.0,0.0,0.0,0.0,0.0,0.0,0.0,0.0,0.0,0.0,0.0,0.0,0.0,6.6
178,J.J. Nelson,IND,WR,3.0,46.3,0.3,0.0,0.0,0.0,0.0,0.0,0.0,0.0,0.0,0.0,0.0,0.0,0.0,0.0,0.0,0.0,0.0,0.0,0.0,0.0,6.5
133,Buddy Howell,HOU,RB,4.1,28.7,0.2,0.0,4.0,17.1,0.2,0.0,0.0,0.0,0.0,0.0,0.0,0.0,0.0,0.0,0.0,0.0,0.0,0.0,0.0,0.0,6.5
104,Josh Oliver,BAL,TE,4.0,41.7,0.4,0.0,0.0,0.0,0.0,0.0,0.0,0.0,0.0,0.0,0.0,0.0,0.0,0.0,0.0,0.0,0.0,0.0,0.0,0.0,6.5
64,Chris Streveler,ARI,QB,0.0,0.0,0.0,0.2,1.6,6.7,0.1,15.9,9.4,106.2,0.6,0.5,0.0,0.0,0.0,0.0,0.0,0.0,0.0,0.0,0.0,0.0,6.5
134,Michael Warren II,DET,RB,2.3,17.2,0.1,0.0,7.7,31.9,0.2,0.0,0.0,0.0,0.0,0.0,0.0,0.0,0.0,0.0,0.0,0.0,0.0,0.0,0.0,0.0,6.5
179,Jaelon Darden,TB,WR,4.2,48.0,0.3,0.0,0.0,0.0,0.0,0.0,0.0,0.0,0.0,0.0,0.0,0.0,0.0,0.0,0.0,0.0,0.0,0.0,0.0,0.0,6.5
66,Blaine Gabbert,TB,QB,0.0,0.0,0.0,0.0,1.3,5.3,0.0,15.7,9.7,110.0,0.3,0.0,0.0,0.0,0.0,0.0,0.0,0.0,0.0,0.0,0.0,0.0,6.3
106,Ross Travis,ARI,TE,3.9,42.5,0.4,0.0,0.0,0.0,0.0,0.0,0.0,0.0,0.0,0.0,0.0,0.0,0.0,0.0,0.0,0.0,0.0,0.0,0.0,0.0,6.3
105,Kylen Granson,IND,TE,5.2,56.1,0.1,0.0,0.0,0.0,0.0,0.0,0.0,0.0,0.0,0.0,0.0,0.0,0.0,0.0,0.0,0.0,0.0,0.0,0.0,0.0,6.3
65,Tyler Huntley,BAL,QB,0.0,0.0,0.0,0.0,3.0,16.0,0.0,9.5,6.0,68.0,0.5,0.0,0.0,0.0,0.0,0.0,0.0,0.0,0.0,0.0,0.0,0.0,6.3
180,Marcus Johnson,TEN,WR,3.6,43.8,0.3,0.0,0.0,0.0,0.0,0.0,0.0,0.0,0.0,0.0,0.0,0.0,0.0,0.0,0.0,0.0,0.0,0.0,0.0,0.0,6.3
67,AJ McCarron,ATL,QB,0.0,0.0,0.0,0.2,0.5,2.2,0.0,15.5,9.8,111.5,0.6,0.4,0.0,0.0,0.0,0.0,0.0,0.0,0.0,0.0,0.0,0.0,6.2
107,Jesse James,CHI,TE,3.8,40.9,0.3,0.0,0.0,0.0,0.0,0.0,0.0,0.0,0.0,0.0,0.0,0.0,0.0,0.0,0.0,0.0,0.0,0.0,0.0,0.0,6.1
181,Donte Moncrief,HOU,WR,3.2,42.3,0.3,0.0,0.0,0.0,0.0,0.0,0.0,0.0,0.0,0.0,0.0,0.0,0.0,0.0,0.0,0.0,0.0,0.0,0.0,0.0,6.0
135,Nick Bellore,SEA,RB,4.4,32.1,0.3,0.0,1.5,6.6,0.0,0.0,0.0,0.0,0.0,0.0,0.0,0.0,0.0,0.0,0.0,0.0,0.0,0.0,0.0,0.0,5.9
182,Jakeem Grant Sr.,MIA,WR,3.2,35.1,0.2,0.0,1.5,8.4,0.0,0.0,0.0,0.0,0.0,0.0,0.0,0.0,0.0,0.0,0.0,0.0,0.0,0.0,0.0,0.0,5.9
108,Nick Keizer,KC,TE,4.2,44.5,0.2,0.0,0.0,0.0,0.0,0.0,0.0,0.0,0.0,0.0,0.0,0.0,0.0,0.0,0.0,0.0,0.0,0.0,0.0,0.0,5.8
68,Mike Glennon,NYG,QB,0.0,0.0,0.0,0.6,1.2,5.6,0.0,18.6,11.7,125.1,0.6,0.4,0.0,0.0,0.0,0.0,0.0,0.0,0.0,0.0,0.0,0.0,5.8
136,Gabe Nabers,LAC,RB,3.2,25.1,0.2,0.1,3.3,14.4,0.1,0.0,0.0,0.0,0.0,0.0,0.0,0.0,0.0,0.0,0.0,0.0,0.0,0.0,0.0,0.0,5.8
184,Gunner Olszewski,NE,WR,2.8,33.8,0.2,0.0,1.8,9.6,0.1,0.0,0.0,0.0,0.0,0.0,0.0,0.0,0.0,0.0,0.0,0.0,0.0,0.0,0.0,0.0,5.7
183,Chester Rogers,TEN,WR,3.9,38.2,0.3,0.0,0.0,0.0,0.0,0.0,0.0,0.0,0.0,0.0,0.0,0.0,0.0,0.0,0.0,0.0,0.0,0.0,0.0,0.0,5.7
185,Zay Jones,LV,WR,3.3,37.4,0.3,0.0,0.0,0.0,0.0,0.0,0.0,0.0,0.0,0.0,0.0,0.0,0.0,0.0,0.0,0.0,0.0,0.0,0.0,0.0,5.6
186,Tylan Wallace,BAL,WR,3.0,38.7,0.3,0.0,0.0,0.0,0.0,0.0,0.0,0.0,0.0,0.0,0.0,0.0,0.0,0.0,0.0,0.0,0.0,0.0,0.0,0.0,5.5
137,Keith Smith,ATL,RB,3.4,26.1,0.2,0.1,3.2,13.7,0.1,0.0,0.0,0.0,0.0,0.0,0.0,0.0,0.0,0.0,0.0,0.0,0.0,0.0,0.0,0.0,5.5
187,Dazz Newsome,CHI,WR,3.3,42.6,0.2,0.0,0.0,0.0,0.0,0.0,0.0,0.0,0.0,0.0,0.0,0.0,0.0,0.0,0.0,0.0,0.0,0.0,0.0,0.0,5.5
188,Trent Taylor,CIN,WR,4.0,40.1,0.2,0.0,0.0,0.0,0.0,0.0,0.0,0.0,0.0,0.0,0.0,0.0,0.0,0.0,0.0,0.0,0.0,0.0,0.0,0.0,5.4
189,Ihmir Smith-Marsette,MIN,WR,3.8,50.7,0.1,0.0,0.0,0.0,0.0,0.0,0.0,0.0,0.0,0.0,0.0,0.0,0.0,0.0,0.0,0.0,0.0,0.0,0.0,0.0,5.4
138,Antonio Williams,BUF,RB,0.4,3.2,0.0,0.0,8.0,34.1,0.3,0.0,0.0,0.0,0.0,0.0,0.0,0.0,0.0,0.0,0.0,0.0,0.0,0.0,0.0,0.0,5.2
110,Mason Schreck,CIN,TE,3.5,36.5,0.3,0.0,0.0,0.0,0.0,0.0,0.0,0.0,0.0,0.0,0.0,0.0,0.0,0.0,0.0,0.0,0.0,0.0,0.0,0.0,5.2
109,Temarrick Hemingway,WAS,TE,3.4,38.9,0.2,0.0,0.0,0.0,0.0,0.0,0.0,0.0,0.0,0.0,0.0,0.0,0.0,0.0,0.0,0.0,0.0,0.0,0.0,0.0,5.2
69,Colt McCoy,ARI,QB,0.0,0.0,0.0,0.0,1.5,8.0,0.0,12.0,8.0,84.0,0.5,0.5,0.0,0.0,0.0,0.0,0.0,0.0,0.0,0.0,0.0,0.0,5.2
112,Jared Pinkney,TEN,TE,3.4,33.5,0.3,0.0,0.0,0.0,0.0,0.0,0.0,0.0,0.0,0.0,0.0,0.0,0.0,0.0,0.0,0.0,0.0,0.0,0.0,0.0,5.1
111,Alize Mack,DET,TE,4.0,39.3,0.2,0.0,0.0,0.0,0.0,0.0,0.0,0.0,0.0,0.0,0.0,0.0,0.0,0.0,0.0,0.0,0.0,0.0,0.0,0.0,5.1
113,Caleb Wilson,PHI,TE,3.5,36.7,0.2,0.0,0.0,0.0,0.0,0.0,0.0,0.0,0.0,0.0,0.0,0.0,0.0,0.0,0.0,0.0,0.0,0.0,0.0,0.0,4.9
70,Dwayne Haskins,PIT,QB,0.0,0.0,0.0,0.0,1.5,5.0,0.0,14.0,8.5,84.5,0.5,0.5,0.0,0.0,0.0,0.0,0.0,0.0,0.0,0.0,0.0,0.0,4.9
190,Quez Watkins,PHI,WR,2.9,38.3,0.2,0.0,0.0,0.0,0.0,0.0,0.0,0.0,0.0,0.0,0.0,0.0,0.0,0.0,0.0,0.0,0.0,0.0,0.0,0.0,4.9
139,Andy Janovich,CLE,RB,3.9,32.9,0.2,0.0,1.0,4.3,0.0,0.0,0.0,0.0,0.0,0.0,0.0,0.0,0.0,0.0,0.0,0.0,0.0,0.0,0.0,0.0,4.8
191,Keith Kirkwood,CAR,WR,3.0,38.3,0.2,0.0,0.0,0.0,0.0,0.0,0.0,0.0,0.0,0.0,0.0,0.0,0.0,0.0,0.0,0.0,0.0,0.0,0.0,0.0,4.7
71,Jarrett Stidham,NE,QB,0.0,0.0,0.0,0.0,2.5,5.0,0.0,10.5,7.0,76.0,0.5,0.5,0.0,0.0,0.0,0.0,0.0,0.0,0.0,0.0,0.0,0.0,4.5
72,Case Keenum,CLE,QB,0.0,0.0,0.0,0.6,0.9,3.6,0.0,13.0,8.1,92.9,0.6,0.4,0.0,0.0,0.0,0.0,0.0,0.0,0.0,0.0,0.0,0.0,4.5
140,Alex Collins,SEA,RB,1.4,10.6,0.0,0.1,4.8,20.3,0.2,0.0,0.0,0.0,0.0,0.0,0.0,0.0,0.0,0.0,0.0,0.0,0.0,0.0,0.0,0.0,4.3
141,Derek Watt,PIT,RB,1.7,12.2,0.1,0.0,4.2,17.9,0.1,0.0,0.0,0.0,0.0,0.0,0.0,0.0,0.0,0.0,0.0,0.0,0.0,0.0,0.0,0.0,4.3
114,Deon Yelder,WAS,TE,2.6,29.3,0.2,0.0,0.0,0.0,0.0,0.0,0.0,0.0,0.0,0.0,0.0,0.0,0.0,0.0,0.0,0.0,0.0,0.0,0.0,0.0,4.2
192,Gehrig Dieter,KC,WR,2.4,31.2,0.2,0.0,0.0,0.0,0.0,0.0,0.0,0.0,0.0,0.0,0.0,0.0,0.0,0.0,0.0,0.0,0.0,0.0,0.0,0.0,4.2
143,Darwin Thompson,KC,RB,1.7,12.3,0.1,0.0,3.9,16.5,0.2,0.0,0.0,0.0,0.0,0.0,0.0,0.0,0.0,0.0,0.0,0.0,0.0,0.0,0.0,0.0,4.1
142,Ben Mason,BAL,RB,3.5,27.7,0.2,0.0,0.0,0.0,0.0,0.0,0.0,0.0,0.0,0.0,0.0,0.0,0.0,0.0,0.0,0.0,0.0,0.0,0.0,0.0,4.1
115,Zach Gentry,PIT,TE,2.7,28.5,0.2,0.0,0.0,0.0,0.0,0.0,0.0,0.0,0.0,0.0,0.0,0.0,0.0,0.0,0.0,0.0,0.0,0.0,0.0,0.0,4.1
144,Dwayne Washington,NO,RB,1.5,11.6,0.0,0.0,4.7,20.0,0.1,0.0,0.0,0.0,0.0,0.0,0.0,0.0,0.0,0.0,0.0,0.0,0.0,0.0,0.0,0.0,4.0
193,J.J. Arcega-Whiteside,PHI,WR,2.2,31.2,0.2,0.0,0.0,0.0,0.0,0.0,0.0,0.0,0.0,0.0,0.0,0.0,0.0,0.0,0.0,0.0,0.0,0.0,0.0,0.0,4.0
146,Patrick Laird,MIA,RB,2.7,19.8,0.1,0.0,2.8,11.6,0.1,0.0,0.0,0.0,0.0,0.0,0.0,0.0,0.0,0.0,0.0,0.0,0.0,0.0,0.0,0.0,3.9
145,Michael Burton,KC,RB,1.9,14.8,0.1,0.0,3.3,13.9,0.1,0.0,0.0,0.0,0.0,0.0,0.0,0.0,0.0,0.0,0.0,0.0,0.0,0.0,0.0,0.0,3.9
147,J.J. Taylor,NE,RB,2.3,17.8,0.1,0.0,2.8,12.1,0.1,0.0,0.0,0.0,0.0,0.0,0.0,0.0,0.0,0.0,0.0,0.0,0.0,0.0,0.0,0.0,3.8
116,Dominique Dafney,GB,TE,2.4,25.8,0.2,0.0,0.0,0.0,0.0,0.0,0.0,0.0,0.0,0.0,0.0,0.0,0.0,0.0,0.0,0.0,0.0,0.0,0.0,0.0,3.8
195,Travis Benjamin,SF,WR,1.9,26.7,0.2,0.0,0.0,0.0,0.0,0.0,0.0,0.0,0.0,0.0,0.0,0.0,0.0,0.0,0.0,0.0,0.0,0.0,0.0,0.0,3.7
117,Garrett Griffin,NO,TE,2.3,25.9,0.2,0.0,0.0,0.0,0.0,0.0,0.0,0.0,0.0,0.0,0.0,0.0,0.0,0.0,0.0,0.0,0.0,0.0,0.0,0.0,3.7
194,Nsimba Webster,SF,WR,2.3,29.5,0.1,0.0,0.0,0.0,0.0,0.0,0.0,0.0,0.0,0.0,0.0,0.0,0.0,0.0,0.0,0.0,0.0,0.0,0.0,0.0,3.7
118,Brandon Dillon,MIN,TE,2.2,23.8,0.2,0.0,0.0,0.0,0.0,0.0,0.0,0.0,0.0,0.0,0.0,0.0,0.0,0.0,0.0,0.0,0.0,0.0,0.0,0.0,3.5
196,Jaydon Mickens,TB,WR,2.0,24.5,0.2,0.0,0.0,0.0,0.0,0.0,0.0,0.0,0.0,0.0,0.0,0.0,0.0,0.0,0.0,0.0,0.0,0.0,0.0,0.0,3.5
197,Isaac Whitney,ARI,WR,2.1,24.1,0.2,0.0,0.0,0.0,0.0,0.0,0.0,0.0,0.0,0.0,0.0,0.0,0.0,0.0,0.0,0.0,0.0,0.0,0.0,0.0,3.4
199,Kawaan Baker,NO,WR,2.0,25.5,0.1,0.0,0.0,0.0,0.0,0.0,0.0,0.0,0.0,0.0,0.0,0.0,0.0,0.0,0.0,0.0,0.0,0.0,0.0,0.0,3.4
198,Simi Fehoko,DAL,WR,2.0,25.1,0.2,0.0,0.0,0.0,0.0,0.0,0.0,0.0,0.0,0.0,0.0,0.0,0.0,0.0,0.0,0.0,0.0,0.0,0.0,0.0,3.4
200,Terry Godwin,JAC,WR,2.0,22.4,0.2,0.0,0.0,0.0,0.0,0.0,0.0,0.0,0.0,0.0,0.0,0.0,0.0,0.0,0.0,0.0,0.0,0.0,0.0,0.0,3.3
201,Brandon Powell,BUF,WR,2.0,21.8,0.2,0.0,0.0,0.0,0.0,0.0,0.0,0.0,0.0,0.0,0.0,0.0,0.0,0.0,0.0,0.0,0.0,0.0,0.0,0.0,3.2
119,Jesper Horsted,CHI,TE,2.3,24.9,0.1,0.0,0.0,0.0,0.0,0.0,0.0,0.0,0.0,0.0,0.0,0.0,0.0,0.0,0.0,0.0,0.0,0.0,0.0,0.0,3.2
120,Cethan Carter,MIA,TE,2.5,24.2,0.1,0.0,0.0,0.0,0.0,0.0,0.0,0.0,0.0,0.0,0.0,0.0,0.0,0.0,0.0,0.0,0.0,0.0,0.0,0.0,3.1
121,Eric Saubert,DEN,TE,2.3,22.6,0.1,0.0,0.0,0.0,0.0,0.0,0.0,0.0,0.0,0.0,0.0,0.0,0.0,0.0,0.0,0.0,0.0,0.0,0.0,0.0,3.1
148,Corey Clement,NYG,RB,0.5,3.6,0.0,0.0,4.2,17.7,0.2,0.0,0.0,0.0,0.0,0.0,0.0,0.0,0.0,0.0,0.0,0.0,0.0,0.0,0.0,0.0,3.1
149,Devine Ozigbo,JAC,RB,1.5,11.6,0.0,0.0,2.8,12.2,0.1,0.0,0.0,0.0,0.0,0.0,0.0,0.0,0.0,0.0,0.0,0.0,0.0,0.0,0.0,0.0,2.9
122,Kaden Smith,NYG,TE,2.5,22.0,0.1,0.0,0.0,0.0,0.0,0.0,0.0,0.0,0.0,0.0,0.0,0.0,0.0,0.0,0.0,0.0,0.0,0.0,0.0,0.0,2.9
123,Ricky Seals-Jones,WAS,TE,1.5,18.3,0.2,0.0,0.0,0.0,0.0,0.0,0.0,0.0,0.0,0.0,0.0,0.0,0.0,0.0,0.0,0.0,0.0,0.0,0.0,0.0,2.9
202,K.J. Hill Jr.,LAC,WR,1.4,16.7,0.1,0.0,1.0,6.3,0.0,0.0,0.0,0.0,0.0,0.0,0.0,0.0,0.0,0.0,0.0,0.0,0.0,0.0,0.0,0.0,2.9
203,DeMichael Harris,IND,WR,1.2,14.5,0.1,0.0,1.6,9.0,0.0,0.0,0.0,0.0,0.0,0.0,0.0,0.0,0.0,0.0,0.0,0.0,0.0,0.0,0.0,0.0,2.9
204,Jalen Camp,JAC,WR,1.7,22.4,0.1,0.0,0.0,0.0,0.0,0.0,0.0,0.0,0.0,0.0,0.0,0.0,0.0,0.0,0.0,0.0,0.0,0.0,0.0,0.0,2.9
205,Braxton Berrios,NYJ,WR,1.5,17.4,0.1,0.0,1.0,5.8,0.0,0.0,0.0,0.0,0.0,0.0,0.0,0.0,0.0,0.0,0.0,0.0,0.0,0.0,0.0,0.0,2.9
150,Elijhaa Penny,NYG,RB,1.5,10.9,0.0,0.0,2.5,10.3,0.1,0.0,0.0,0.0,0.0,0.0,0.0,0.0,0.0,0.0,0.0,0.0,0.0,0.0,0.0,0.0,2.8
206,Allen Hurns,MIA,WR,1.6,16.7,0.2,0.0,0.0,0.0,0.0,0.0,0.0,0.0,0.0,0.0,0.0,0.0,0.0,0.0,0.0,0.0,0.0,0.0,0.0,0.0,2.8
208,Seth Williams,DEN,WR,1.7,20.2,0.1,0.0,0.0,0.0,0.0,0.0,0.0,0.0,0.0,0.0,0.0,0.0,0.0,0.0,0.0,0.0,0.0,0.0,0.0,0.0,2.7
207,Ashton Dulin,IND,WR,1.2,15.0,0.1,0.0,1.2,6.2,0.0,0.0,0.0,0.0,0.0,0.0,0.0,0.0,0.0,0.0,0.0,0.0,0.0,0.0,0.0,0.0,2.7
151,Khari Blasingame,TEN,RB,2.3,19.5,0.1,0.0,0.5,2.1,0.0,0.0,0.0,0.0,0.0,0.0,0.0,0.0,0.0,0.0,0.0,0.0,0.0,0.0,0.0,0.0,2.7
209,Shi Smith,CAR,WR,1.7,20.7,0.1,0.0,0.0,0.0,0.0,0.0,0.0,0.0,0.0,0.0,0.0,0.0,0.0,0.0,0.0,0.0,0.0,0.0,0.0,0.0,2.6
124,Tanner Hudson,TB,TE,1.5,15.7,0.2,0.0,0.0,0.0,0.0,0.0,0.0,0.0,0.0,0.0,0.0,0.0,0.0,0.0,0.0,0.0,0.0,0.0,0.0,0.0,2.5
210,Malcolm Perry,MIA,WR,0.9,9.1,0.0,0.0,1.8,9.4,0.1,0.0,0.0,0.0,0.0,0.0,0.0,0.0,0.0,0.0,0.0,0.0,0.0,0.0,0.0,0.0,2.3
73,Nick Mullens,PHI,QB,0.0,0.0,0.0,1.0,2.0,4.0,0.0,12.0,6.5,70.5,0.5,0.5,0.0,0.0,0.0,0.0,0.0,0.0,0.0,0.0,0.0,0.0,2.2
152,Jakob Johnson,NE,RB,2.3,19.0,0.1,0.0,0.0,0.0,0.0,0.0,0.0,0.0,0.0,0.0,0.0,0.0,0.0,0.0,0.0,0.0,0.0,0.0,0.0,0.0,2.2
125,Troy Fumagalli,NE,TE,1.4,12.7,0.2,0.0,0.0,0.0,0.0,0.0,0.0,0.0,0.0,0.0,0.0,0.0,0.0,0.0,0.0,0.0,0.0,0.0,0.0,0.0,2.2
126,Lee Smith,ATL,TE,1.5,14.3,0.1,0.0,0.0,0.0,0.0,0.0,0.0,0.0,0.0,0.0,0.0,0.0,0.0,0.0,0.0,0.0,0.0,0.0,0.0,0.0,2.0
212,Trent Sherfield,SF,WR,1.1,14.5,0.1,0.0,0.0,0.0,0.0,0.0,0.0,0.0,0.0,0.0,0.0,0.0,0.0,0.0,0.0,0.0,0.0,0.0,0.0,0.0,1.9
211,Kendall Hinton,DEN,WR,1.1,12.1,0.0,0.0,1.2,6.4,0.0,0.0,0.0,0.0,0.0,0.0,0.0,0.0,0.0,0.0,0.0,0.0,0.0,0.0,0.0,0.0,1.9
214,Isaiah Ford,MIA,WR,1.6,15.0,0.1,0.0,0.0,0.0,0.0,0.0,0.0,0.0,0.0,0.0,0.0,0.0,0.0,0.0,0.0,0.0,0.0,0.0,0.0,0.0,1.8
153,Dare Ogunbowale,JAC,RB,1.4,9.4,0.0,0.0,2.1,8.8,0.0,0.0,0.0,0.0,0.0,0.0,0.0,0.0,0.0,0.0,0.0,0.0,0.0,0.0,0.0,0.0,1.8
213,K.J. Osborn,MIN,WR,1.1,14.5,0.1,0.0,0.0,0.0,0.0,0.0,0.0,0.0,0.0,0.0,0.0,0.0,0.0,0.0,0.0,0.0,0.0,0.0,0.0,0.0,1.8
127,Trevon Wesco,NYJ,TE,1.4,14.3,0.1,0.0,0.0,0.0,0.0,0.0,0.0,0.0,0.0,0.0,0.0,0.0,0.0,0.0,0.0,0.0,0.0,0.0,0.0,0.0,1.8
154,Jonathan Williams,WAS,RB,0.9,7.0,0.0,0.0,2.3,9.8,0.0,0.0,0.0,0.0,0.0,0.0,0.0,0.0,0.0,0.0,0.0,0.0,0.0,0.0,0.0,0.0,1.7
128,Eric Tomlinson,BAL,TE,1.2,11.7,0.1,0.0,0.0,0.0,0.0,0.0,0.0,0.0,0.0,0.0,0.0,0.0,0.0,0.0,0.0,0.0,0.0,0.0,0.0,0.0,1.6
129,Codey McElroy,TB,TE,0.9,8.5,0.1,0.0,0.0,0.0,0.0,0.0,0.0,0.0,0.0,0.0,0.0,0.0,0.0,0.0,0.0,0.0,0.0,0.0,0.0,0.0,1.5
155,Kalen Ballage,PIT,RB,1.0,5.7,0.0,0.0,2.1,8.5,0.0,0.0,0.0,0.0,0.0,0.0,0.0,0.0,0.0,0.0,0.0,0.0,0.0,0.0,0.0,0.0,1.4
130,Isaac Nauta,GB,TE,0.8,8.4,0.1,0.0,0.0,0.0,0.0,0.0,0.0,0.0,0.0,0.0,0.0,0.0,0.0,0.0,0.0,0.0,0.0,0.0,0.0,0.0,1.4
215,Joe Reed,LAC,WR,0.8,9.4,0.0,0.0,0.9,4.8,0.0,0.0,0.0,0.0,0.0,0.0,0.0,0.0,0.0,0.0,0.0,0.0,0.0,0.0,0.0,0.0,1.4
216,Matt Cole,NYJ,WR,0.9,9.5,0.0,0.0,0.9,4.3,0.0,0.0,0.0,0.0,0.0,0.0,0.0,0.0,0.0,0.0,0.0,0.0,0.0,0.0,0.0,0.0,1.4
219,Damion Ratley,DET,WR,1.0,11.6,0.0,0.0,0.0,0.0,0.0,0.0,0.0,0.0,0.0,0.0,0.0,0.0,0.0,0.0,0.0,0.0,0.0,0.0,0.0,0.0,1.2
218,Antonio Callaway,KC,WR,0.9,11.1,0.0,0.0,0.0,0.0,0.0,0.0,0.0,0.0,0.0,0.0,0.0,0.0,0.0,0.0,0.0,0.0,0.0,0.0,0.0,0.0,1.2
156,Taiwan Jones,BUF,RB,0.9,7.0,0.0,0.0,1.1,4.7,0.0,0.0,0.0,0.0,0.0,0.0,0.0,0.0,0.0,0.0,0.0,0.0,0.0,0.0,0.0,0.0,1.2
217,Trey Quinn,LV,WR,1.2,12.3,0.0,0.0,0.0,0.0,0.0,0.0,0.0,0.0,0.0,0.0,0.0,0.0,0.0,0.0,0.0,0.0,0.0,0.0,0.0,0.0,1.2
157,Elijah McGuire,KC,RB,0.9,7.2,0.0,0.0,0.9,3.5,0.0,0.0,0.0,0.0,0.0,0.0,0.0,0.0,0.0,0.0,0.0,0.0,0.0,0.0,0.0,0.0,1.1
158,C.J. Prosise,TB,RB,1.0,7.0,0.0,0.0,0.9,3.6,0.0,0.0,0.0,0.0,0.0,0.0,0.0,0.0,0.0,0.0,0.0,0.0,0.0,0.0,0.0,0.0,1.1
221,Kelvin Harmon,WAS,WR,0.8,10.6,0.0,0.0,0.0,0.0,0.0,0.0,0.0,0.0,0.0,0.0,0.0,0.0,0.0,0.0,0.0,0.0,0.0,0.0,0.0,0.0,1.1
220,Malik Turner,DAL,WR,0.9,10.6,0.0,0.0,0.0,0.0,0.0,0.0,0.0,0.0,0.0,0.0,0.0,0.0,0.0,0.0,0.0,0.0,0.0,0.0,0.0,0.0,1.1
131,Kevin Rader,PIT,TE,0.9,8.8,0.0,0.0,0.0,0.0,0.0,0.0,0.0,0.0,0.0,0.0,0.0,0.0,0.0,0.0,0.0,0.0,0.0,0.0,0.0,0.0,1.1
163,Austin Walter,NYJ,RB,0.9,6.3,0.0,0.0,0.9,3.6,0.0,0.0,0.0,0.0,0.0,0.0,0.0,0.0,0.0,0.0,0.0,0.0,0.0,0.0,0.0,0.0,1.0
164,LeVante Bellamy,DEN,RB,0.9,5.5,0.0,0.0,1.0,4.4,0.0,0.0,0.0,0.0,0.0,0.0,0.0,0.0,0.0,0.0,0.0,0.0,0.0,0.0,0.0,0.0,1.0
165,Nathan Cottrell,JAC,RB,0.9,6.2,0.0,0.0,0.9,3.6,0.0,0.0,0.0,0.0,0.0,0.0,0.0,0.0,0.0,0.0,0.0,0.0,0.0,0.0,0.0,0.0,1.0
166,Damarea Crockett,DEN,RB,0.9,5.5,0.0,0.0,1.0,4.2,0.0,0.0,0.0,0.0,0.0,0.0,0.0,0.0,0.0,0.0,0.0,0.0,0.0,0.0,0.0,0.0,1.0
167,Jason Cabinda,DET,RB,1.0,6.1,0.0,0.0,0.8,3.5,0.0,0.0,0.0,0.0,0.0,0.0,0.0,0.0,0.0,0.0,0.0,0.0,0.0,0.0,0.0,0.0,1.0
161,Adrian Killins Jr.,PHI,RB,0.9,6.1,0.0,0.0,0.9,3.9,0.0,0.0,0.0,0.0,0.0,0.0,0.0,0.0,0.0,0.0,0.0,0.0,0.0,0.0,0.0,0.0,1.0
162,Jason Huntley,PHI,RB,0.9,6.1,0.0,0.0,0.9,3.9,0.0,0.0,0.0,0.0,0.0,0.0,0.0,0.0,0.0,0.0,0.0,0.0,0.0,0.0,0.0,0.0,1.0
226,Isaiah Wright,WAS,WR,0.9,9.6,0.0,0.0,0.0,0.0,0.0,0.0,0.0,0.0,0.0,0.0,0.0,0.0,0.0,0.0,0.0,0.0,0.0,0.0,0.0,0.0,1.0
160,Artavis Pierce,CHI,RB,0.9,6.1,0.0,0.0,0.9,3.9,0.0,0.0,0.0,0.0,0.0,0.0,0.0,0.0,0.0,0.0,0.0,0.0,0.0,0.0,0.0,0.0,1.0
222,DeAndre Carter,WAS,WR,0.9,10.4,0.0,0.0,0.0,0.0,0.0,0.0,0.0,0.0,0.0,0.0,0.0,0.0,0.0,0.0,0.0,0.0,0.0,0.0,0.0,0.0,1.0
223,Vyncint Smith,NYJ,WR,0.9,10.1,0.0,0.0,0.0,0.0,0.0,0.0,0.0,0.0,0.0,0.0,0.0,0.0,0.0,0.0,0.0,0.0,0.0,0.0,0.0,0.0,1.0
224,John Hightower,PHI,WR,0.7,9.8,0.0,0.0,0.0,0.0,0.0,0.0,0.0,0.0,0.0,0.0,0.0,0.0,0.0,0.0,0.0,0.0,0.0,0.0,0.0,0.0,1.0
225,Marcus Kemp,KC,WR,0.9,9.6,0.0,0.0,0.0,0.0,0.0,0.0,0.0,0.0,0.0,0.0,0.0,0.0,0.0,0.0,0.0,0.0,0.0,0.0,0.0,0.0,1.0
227,Jason Moore,LAC,WR,0.8,9.5,0.0,0.0,0.0,0.0,0.0,0.0,0.0,0.0,0.0,0.0,0.0,0.0,0.0,0.0,0.0,0.0,0.0,0.0,0.0,0.0,1.0
159,Ryan Nall,CHI,RB,0.9,6.2,0.0,0.0,0.9,3.9,0.0,0.0,0.0,0.0,0.0,0.0,0.0,0.0,0.0,0.0,0.0,0.0,0.0,0.0,0.0,0.0,1.0
132,Tyrone Swoopes,WAS,TE,0.9,9.6,0.0,0.0,0.0,0.0,0.0,0.0,0.0,0.0,0.0,0.0,0.0,0.0,0.0,0.0,0.0,0.0,0.0,0.0,0.0,0.0,1.0
243,Marvin Hall,NE,WR,0.7,9.0,0.0,0.0,0.0,0.0,0.0,0.0,0.0,0.0,0.0,0.0,0.0,0.0,0.0,0.0,0.0,0.0,0.0,0.0,0.0,0.0,0.9
240,John Ursua,SEA,WR,0.8,9.0,0.0,0.0,0.0,0.0,0.0,0.0,0.0,0.0,0.0,0.0,0.0,0.0,0.0,0.0,0.0,0.0,0.0,0.0,0.0,0.0,0.9
133,Sean McKeon,DAL,TE,0.9,9.4,0.0,0.0,0.0,0.0,0.0,0.0,0.0,0.0,0.0,0.0,0.0,0.0,0.0,0.0,0.0,0.0,0.0,0.0,0.0,0.0,0.9
134,Jordan Franks,CLE,TE,0.8,8.0,0.0,0.0,0.0,0.0,0.0,0.0,0.0,0.0,0.0,0.0,0.0,0.0,0.0,0.0,0.0,0.0,0.0,0.0,0.0,0.0,0.9
241,Stanley Morgan Jr.,CIN,WR,0.8,9.0,0.0,0.0,0.0,0.0,0.0,0.0,0.0,0.0,0.0,0.0,0.0,0.0,0.0,0.0,0.0,0.0,0.0,0.0,0.0,0.0,0.9
242,Darvin Kidsy,SEA,WR,0.8,9.0,0.0,0.0,0.0,0.0,0.0,0.0,0.0,0.0,0.0,0.0,0.0,0.0,0.0,0.0,0.0,0.0,0.0,0.0,0.0,0.0,0.9
246,Robert Foster,MIA,WR,0.7,8.7,0.0,0.0,0.0,0.0,0.0,0.0,0.0,0.0,0.0,0.0,0.0,0.0,0.0,0.0,0.0,0.0,0.0,0.0,0.0,0.0,0.9
244,Chad Williams,KC,WR,0.8,8.8,0.0,0.0,0.0,0.0,0.0,0.0,0.0,0.0,0.0,0.0,0.0,0.0,0.0,0.0,0.0,0.0,0.0,0.0,0.0,0.0,0.9
245,KhaDarel Hodge,CLE,WR,0.7,8.8,0.0,0.0,0.0,0.0,0.0,0.0,0.0,0.0,0.0,0.0,0.0,0.0,0.0,0.0,0.0,0.0,0.0,0.0,0.0,0.0,0.9
238,Lawrence Cager,NYJ,WR,0.8,9.0,0.0,0.0,0.0,0.0,0.0,0.0,0.0,0.0,0.0,0.0,0.0,0.0,0.0,0.0,0.0,0.0,0.0,0.0,0.0,0.0,0.9
247,Dan Chisena,MIN,WR,0.7,8.7,0.0,0.0,0.0,0.0,0.0,0.0,0.0,0.0,0.0,0.0,0.0,0.0,0.0,0.0,0.0,0.0,0.0,0.0,0.0,0.0,0.9
248,Derrick Willies,CLE,WR,0.7,8.6,0.0,0.0,0.0,0.0,0.0,0.0,0.0,0.0,0.0,0.0,0.0,0.0,0.0,0.0,0.0,0.0,0.0,0.0,0.0,0.0,0.9
249,Alexander Hollins,CLE,WR,0.7,8.6,0.0,0.0,0.0,0.0,0.0,0.0,0.0,0.0,0.0,0.0,0.0,0.0,0.0,0.0,0.0,0.0,0.0,0.0,0.0,0.0,0.9
239,Cyril Grayson Jr.,TB,WR,0.9,9.0,0.0,0.0,0.0,0.0,0.0,0.0,0.0,0.0,0.0,0.0,0.0,0.0,0.0,0.0,0.0,0.0,0.0,0.0,0.0,0.0,0.9
237,Marcell Ateman,LV,WR,0.7,9.1,0.0,0.0,0.0,0.0,0.0,0.0,0.0,0.0,0.0,0.0,0.0,0.0,0.0,0.0,0.0,0.0,0.0,0.0,0.0,0.0,0.9
172,Cullen Gillaspia,NYG,RB,0.9,5.2,0.0,0.0,0.9,3.7,0.0,0.0,0.0,0.0,0.0,0.0,0.0,0.0,0.0,0.0,0.0,0.0,0.0,0.0,0.0,0.0,0.9
168,Scottie Phillips,HOU,RB,0.9,6.0,0.0,0.0,0.8,3.5,0.0,0.0,0.0,0.0,0.0,0.0,0.0,0.0,0.0,0.0,0.0,0.0,0.0,0.0,0.0,0.0,0.9
235,Trenton Irwin,CIN,WR,0.8,9.2,0.0,0.0,0.0,0.0,0.0,0.0,0.0,0.0,0.0,0.0,0.0,0.0,0.0,0.0,0.0,0.0,0.0,0.0,0.0,0.0,0.9
234,Chad Hansen,DET,WR,0.9,9.2,0.0,0.0,0.0,0.0,0.0,0.0,0.0,0.0,0.0,0.0,0.0,0.0,0.0,0.0,0.0,0.0,0.0,0.0,0.0,0.0,0.9
233,Keelan Doss,LV,WR,0.8,9.3,0.0,0.0,0.0,0.0,0.0,0.0,0.0,0.0,0.0,0.0,0.0,0.0,0.0,0.0,0.0,0.0,0.0,0.0,0.0,0.0,0.9
232,Chris Rowland,ATL,WR,0.9,9.3,0.0,0.0,0.0,0.0,0.0,0.0,0.0,0.0,0.0,0.0,0.0,0.0,0.0,0.0,0.0,0.0,0.0,0.0,0.0,0.0,0.9
231,Jeff Badet,ATL,WR,0.9,9.3,0.0,0.0,0.0,0.0,0.0,0.0,0.0,0.0,0.0,0.0,0.0,0.0,0.0,0.0,0.0,0.0,0.0,0.0,0.0,0.0,0.9
230,Jake Lampman,NO,WR,0.7,9.3,0.0,0.0,0.0,0.0,0.0,0.0,0.0,0.0,0.0,0.0,0.0,0.0,0.0,0.0,0.0,0.0,0.0,0.0,0.0,0.0,0.9
229,Josh Malone,NYJ,WR,0.9,9.4,0.0,0.0,0.0,0.0,0.0,0.0,0.0,0.0,0.0,0.0,0.0,0.0,0.0,0.0,0.0,0.0,0.0,0.0,0.0,0.0,0.9
228,Darrius Shepherd,KC,WR,0.9,9.5,0.0,0.0,0.0,0.0,0.0,0.0,0.0,0.0,0.0,0.0,0.0,0.0,0.0,0.0,0.0,0.0,0.0,0.0,0.0,0.0,0.9
236,Tanner Gentry,BUF,WR,0.8,9.2,0.0,0.0,0.0,0.0,0.0,0.0,0.0,0.0,0.0,0.0,0.0,0.0,0.0,0.0,0.0,0.0,0.0,0.0,0.0,0.0,0.9
171,Taquan Mizzell,NYG,RB,0.9,5.3,0.0,0.0,0.9,3.7,0.0,0.0,0.0,0.0,0.0,0.0,0.0,0.0,0.0,0.0,0.0,0.0,0.0,0.0,0.0,0.0,0.9
170,Trenton Cannon,CAR,RB,0.8,5.0,0.0,0.0,1.0,4.0,0.0,0.0,0.0,0.0,0.0,0.0,0.0,0.0,0.0,0.0,0.0,0.0,0.0,0.0,0.0,0.0,0.9
169,Jordan Scarlett,MIA,RB,0.9,5.3,0.0,0.0,0.9,3.9,0.0,0.0,0.0,0.0,0.0,0.0,0.0,0.0,0.0,0.0,0.0,0.0,0.0,0.0,0.0,0.0,0.9
253,Dante Pettis,NYG,WR,0.7,8.4,0.0,0.0,0.0,0.0,0.0,0.0,0.0,0.0,0.0,0.0,0.0,0.0,0.0,0.0,0.0,0.0,0.0,0.0,0.0,0.0,0.8
252,Ja'Marcus Bradley,CLE,WR,0.7,8.4,0.0,0.0,0.0,0.0,0.0,0.0,0.0,0.0,0.0,0.0,0.0,0.0,0.0,0.0,0.0,0.0,0.0,0.0,0.0,0.0,0.8
255,Kevin White,SF,WR,0.7,8.2,0.0,0.0,0.0,0.0,0.0,0.0,0.0,0.0,0.0,0.0,0.0,0.0,0.0,0.0,0.0,0.0,0.0,0.0,0.0,0.0,0.8
251,JoJo Natson,CLE,WR,0.7,8.4,0.0,0.0,0.0,0.0,0.0,0.0,0.0,0.0,0.0,0.0,0.0,0.0,0.0,0.0,0.0,0.0,0.0,0.0,0.0,0.0,0.8
250,River Cracraft,SF,WR,0.7,8.5,0.0,0.0,0.0,0.0,0.0,0.0,0.0,0.0,0.0,0.0,0.0,0.0,0.0,0.0,0.0,0.0,0.0,0.0,0.0,0.0,0.8
254,Laquon Treadwell,JAC,WR,0.8,8.4,0.0,0.0,0.0,0.0,0.0,0.0,0.0,0.0,0.0,0.0,0.0,0.0,0.0,0.0,0.0,0.0,0.0,0.0,0.0,0.0,0.8
260,Justin Hardy,CHI,WR,0.7,7.9,0.0,0.0,0.0,0.0,0.0,0.0,0.0,0.0,0.0,0.0,0.0,0.0,0.0,0.0,0.0,0.0,0.0,0.0,0.0,0.0,0.8
256,Fred Brown,TEN,WR,0.7,8.0,0.0,0.0,0.0,0.0,0.0,0.0,0.0,0.0,0.0,0.0,0.0,0.0,0.0,0.0,0.0,0.0,0.0,0.0,0.0,0.0,0.8
140,Antony Auclair,HOU,TE,0.8,8.0,0.0,0.0,0.0,0.0,0.0,0.0,0.0,0.0,0.0,0.0,0.0,0.0,0.0,0.0,0.0,0.0,0.0,0.0,0.0,0.0,0.8
257,Mack Hollins,MIA,WR,0.8,8.0,0.0,0.0,0.0,0.0,0.0,0.0,0.0,0.0,0.0,0.0,0.0,0.0,0.0,0.0,0.0,0.0,0.0,0.0,0.0,0.0,0.8
135,Jason Croom,PHI,TE,0.8,8.5,0.0,0.0,0.0,0.0,0.0,0.0,0.0,0.0,0.0,0.0,0.0,0.0,0.0,0.0,0.0,0.0,0.0,0.0,0.0,0.0,0.8
136,Tim Tebow,JAC,TE,0.9,8.4,0.0,0.0,0.0,0.0,0.0,0.0,0.0,0.0,0.0,0.0,0.0,0.0,0.0,0.0,0.0,0.0,0.0,0.0,0.0,0.0,0.8
137,MyCole Pruitt,SF,TE,0.8,8.4,0.0,0.0,0.0,0.0,0.0,0.0,0.0,0.0,0.0,0.0,0.0,0.0,0.0,0.0,0.0,0.0,0.0,0.0,0.0,0.0,0.8
139,Jake Butt,CHI,TE,0.8,8.1,0.0,0.0,0.0,0.0,0.0,0.0,0.0,0.0,0.0,0.0,0.0,0.0,0.0,0.0,0.0,0.0,0.0,0.0,0.0,0.0,0.8
138,Hakeem Butler,PHI,TE,0.8,8.4,0.0,0.0,0.0,0.0,0.0,0.0,0.0,0.0,0.0,0.0,0.0,0.0,0.0,0.0,0.0,0.0,0.0,0.0,0.0,0.0,0.8
262,Brandon Zylstra,CAR,WR,0.7,7.5,0.0,0.0,0.0,0.0,0.0,0.0,0.0,0.0,0.0,0.0,0.0,0.0,0.0,0.0,0.0,0.0,0.0,0.0,0.0,0.0,0.8
261,C.J. Board,NYG,WR,0.7,7.7,0.0,0.0,0.0,0.0,0.0,0.0,0.0,0.0,0.0,0.0,0.0,0.0,0.0,0.0,0.0,0.0,0.0,0.0,0.0,0.0,0.8
259,Tyrie Cleveland,DEN,WR,0.7,8.0,0.0,0.0,0.0,0.0,0.0,0.0,0.0,0.0,0.0,0.0,0.0,0.0,0.0,0.0,0.0,0.0,0.0,0.0,0.0,0.0,0.8
258,Cody Hollister,TEN,WR,0.7,8.0,0.0,0.0,0.0,0.0,0.0,0.0,0.0,0.0,0.0,0.0,0.0,0.0,0.0,0.0,0.0,0.0,0.0,0.0,0.0,0.0,0.8
142,Matt LaCosse,NE,TE,0.7,6.8,0.0,0.0,0.0,0.0,0.0,0.0,0.0,0.0,0.0,0.0,0.0,0.0,0.0,0.0,0.0,0.0,0.0,0.0,0.0,0.0,0.7
141,Cole Hikutini,NYG,TE,0.8,7.2,0.0,0.0,0.0,0.0,0.0,0.0,0.0,0.0,0.0,0.0,0.0,0.0,0.0,0.0,0.0,0.0,0.0,0.0,0.0,0.0,0.7
263,Ryan Switzer,CLE,WR,0.8,7.1,0.0,0.0,0.0,0.0,0.0,0.0,0.0,0.0,0.0,0.0,0.0,0.0,0.0,0.0,0.0,0.0,0.0,0.0,0.0,0.0,0.7
173,Tony Jones Jr.,NO,RB,0.2,0.4,0.0,0.0,0.9,0.7,0.0,0.0,0.0,0.0,0.0,0.0,0.0,0.0,0.0,0.0,0.0,0.0,0.0,0.0,0.0,0.0,0.1
84,Cooper Rush,DAL,QB,0.0,0.0,0.0,0.0,0.0,0.0,0.0,0.0,0.0,0.0,0.0,0.0,0.0,0.0,0.0,0.0,0.0,0.0,0.0,0.0,0.0,0.0,0.0
90,Ben DiNucci,DAL,QB,0.0,0.0,0.0,0.0,0.0,0.0,0.0,0.0,0.0,0.0,0.0,0.0,0.0,0.0,0.0,0.0,0.0,0.0,0.0,0.0,0.0,0.0,0.0
91,Nate Sudfeld,SF,QB,0.0,0.0,0.0,0.0,0.0,0.0,0.0,0.0,0.0,0.0,0.0,0.0,0.0,0.0,0.0,0.0,0.0,0.0,0.0,0.0,0.0,0.0,0.0
89,Kyle Lauletta,CLE,QB,0.0,0.0,0.0,0.0,0.0,0.0,0.0,0.0,0.0,0.0,0.0,0.0,0.0,0.0,0.0,0.0,0.0,0.0,0.0,0.0,0.0,0.0,0.0
88,Trevor Siemian,NO,QB,0.0,0.0,0.0,0.0,0.0,0.0,0.0,0.0,0.0,0.0,0.0,0.0,0.0,0.0,0.0,0.0,0.0,0.0,0.0,0.0,0.0,0.0,0.0
87,Jake Luton,JAC,QB,0.0,0.0,0.0,0.0,0.0,0.0,0.0,0.0,0.0,0.0,0.0,0.0,0.0,0.0,0.0,0.0,0.0,0.0,0.0,0.0,0.0,0.0,0.0
86,Josh Rosen,SF,QB,0.0,0.0,0.0,0.0,0.0,0.0,0.0,0.0,0.0,0.0,0.0,0.0,0.0,0.0,0.0,0.0,0.0,0.0,0.0,0.0,0.0,0.0,0.0
85,Devlin Hodges,LAR,QB,0.0,0.0,0.0,0.0,0.0,0.0,0.0,0.0,0.0,0.0,0.0,0.0,0.0,0.0,0.0,0.0,0.0,0.0,0.0,0.0,0.0,0.0,0.0
75,DeShone Kizer,TEN,QB,0.0,0.0,0.0,0.0,0.0,0.0,0.0,0.0,0.0,0.0,0.0,0.0,0.0,0.0,0.0,0.0,0.0,0.0,0.0,0.0,0.0,0.0,0.0
83,Ryan Griffin,TB,QB,0.0,0.0,0.0,0.0,0.0,0.0,0.0,0.0,0.0,0.0,0.0,0.0,0.0,0.0,0.0,0.0,0.0,0.0,0.0,0.0,0.0,0.0,0.0
82,Easton Stick,LAC,QB,0.0,0.0,0.0,0.0,0.0,0.0,0.0,0.0,0.0,0.0,0.0,0.0,0.0,0.0,0.0,0.0,0.0,0.0,0.0,0.0,0.0,0.0,0.0
80,Nick Foles,CHI,QB,0.0,0.0,0.0,0.0,0.0,0.0,0.0,0.0,0.0,0.0,0.0,0.0,0.0,0.0,0.0,0.0,0.0,0.0,0.0,0.0,0.0,0.0,0.0
79,Brett Rypien,DEN,QB,0.0,0.0,0.0,0.0,0.0,0.0,0.0,0.0,0.0,0.0,0.0,0.0,0.0,0.0,0.0,0.0,0.0,0.0,0.0,0.0,0.0,0.0,0.0
78,Joshua Dobbs,PIT,QB,0.0,0.0,0.0,0.0,0.0,0.0,0.0,0.0,0.0,0.0,0.0,0.0,0.0,0.0,0.0,0.0,0.0,0.0,0.0,0.0,0.0,0.0,0.0
77,Nathan Peterman,LV,QB,0.0,0.0,0.0,0.0,0.0,0.0,0.0,0.0,0.0,0.0,0.0,0.0,0.0,0.0,0.0,0.0,0.0,0.0,0.0,0.0,0.0,0.0,0.0
76,Will Grier,CAR,QB,0.0,0.0,0.0,0.0,0.0,0.0,0.0,0.0,0.0,0.0,0.0,0.0,0.0,0.0,0.0,0.0,0.0,0.0,0.0,0.0,0.0,0.0,0.0
74,Kyle Allen,WAS,QB,0.0,0.0,0.0,0.0,0.0,0.0,0.0,0.0,0.0,0.0,0.0,0.0,0.0,0.0,0.0,0.0,0.0,0.0,0.0,0.0,0.0,0.0,0.0
33,Chase McLaughlin,CLE,K,0.0,0.0,0.0,0.0,0.0,0.0,0.0,0.0,0.0,0.0,0.0,0.0,0.0,0.0,0.0,0.0,0.0,0.0,0.0,0.0,0.0,0.0,0.0
81,C.J. Beathard,JAC,QB,0.0,0.0,0.0,0.0,0.0,0.0,0.0,0.0,0.0,0.0,0.0,0.0,0.0,0.0,0.0,0.0,0.0,0.0,0.0,0.0,0.0,0.0,0.0
